gene,variant_count,significant_variant_count,best_p_value,max_minus_log10_p,normalized_p_score,normalized_variant_score,gwas_variant_score
BIN1,1,1,6e-118,117.22184874961636,1.0,0.3333333333333333,0.7999999999999999
NIFKP9,1,1,6e-118,117.22184874961636,1.0,0.3333333333333333,0.7999999999999999
TREM2,3,3,3e-37,36.52287874528034,0.26584453319099427,1.0,0.486091173233696
RNU6-560P,1,1,3e-48,47.52287874528034,0.3659165679947241,0.3333333333333333,0.3561415975963068
LINC02695,1,1,3e-48,47.52287874528034,0.3659165679947241,0.3333333333333333,0.3561415975963068
CR1,1,1,7e-46,45.15490195998574,0.3443739993335945,0.3333333333333333,0.3410617995335161
CR1-AS1,1,1,7e-46,45.15490195998574,0.3443739993335945,0.3333333333333333,0.3410617995335161
CLU,1,1,2e-44,43.69897000433602,0.33112871993926346,0.3333333333333333,0.3317901039574844
MS4A4A,1,1,4e-42,41.39794000867204,0.31019519686558056,0.3333333333333333,0.3171366378059064
SORL1,2,2,1e-21,21.0,0.12462580027719682,0.6666666666666666,0.28723806019403775
ABCA7,1,1,2e-37,36.69897000433602,0.2674465159732536,0.3333333333333333,0.28721256118127747
PLCG2,2,2,1e-13,13.0,0.05184613860175694,0.6666666666666666,0.23629229702122984
MME,2,2,2e-11,10.69897000433602,0.03091261552807403,0.6666666666666666,0.2216388308696518
PMS2P1,1,1,9.999999999999999e-27,26.0,0.17011308882434673,0.3333333333333333,0.2190791621770427
APH1B,1,1,2e-25,24.69897000433602,0.15827702346009379,0.3333333333333333,0.21079391642206563
PTK2B,1,1,4e-22,21.39794000867204,0.12824604267698092,0.3333333333333333,0.18977222987388664
CD2AP,1,1,8e-22,21.096910013008056,0.12550743502215791,0.3333333333333333,0.18785520451551052
SLC24A4,2,1,4e-21,20.39794000867204,0.11914858496755093,0.3333333333333333,0.18340400947728563
CASS4,1,1,4e-21,20.39794000867204,0.11914858496755093,0.3333333333333333,0.18340400947728563
GRN,1,1,2e-20,19.69897000433602,0.11278973491294388,0.3333333333333333,0.1789528144390607
HLA-DRB1,1,1,7e-20,19.154901959985743,0.10784009888841496,0.3333333333333333,0.17548806922189047
HLA-DQA1,1,1,7e-20,19.154901959985743,0.10784009888841496,0.3333333333333333,0.17548806922189047
PPIAP55,1,1,8.999999999999999e-20,19.045757490560675,0.10684716169360223,0.3333333333333333,0.17479301318552154
CYB561,1,1,8.999999999999999e-20,19.045757490560675,0.10684716169360223,0.3333333333333333,0.17479301318552154
TSPAN14,1,1,2e-19,18.69897000433602,0.10369227720351389,0.3333333333333333,0.1725845940424597
ECHDC3,1,1,1e-18,18.0,0.09733342714890686,0.3333333333333333,0.1681333990042348
USP6NL-AS1,1,1,1e-18,18.0,0.09733342714890686,0.3333333333333333,0.1681333990042348
INPP5D,1,1,4e-18,17.397940008672037,0.09185621183926095,0.3333333333333333,0.16429934828748266
MIR572,1,1,2e-17,16.69897000433602,0.08549736178465392,0.3333333333333333,0.15984815324925772
LINC02498,1,1,2e-17,16.69897000433602,0.08549736178465392,0.3333333333333333,0.15984815324925772
RASGEF1C,1,1,2e-16,15.69897000433602,0.07639990407522396,0.3333333333333333,0.15347993285265676
MAF1,1,1,2e-16,15.69897000433602,0.07639990407522396,0.3333333333333333,0.15347993285265676
SHARPIN,1,1,2e-16,15.69897000433602,0.07639990407522396,0.3333333333333333,0.15347993285265676
FERMT2,1,1,8e-16,15.096910013008056,0.07092268876557802,0.3333333333333333,0.1496458821359046
LINC02059,1,1,1e-15,15.0,0.07004105402061692,0.3333333333333333,0.14902873781443182
MIR4280HG,1,1,1e-15,15.0,0.07004105402061692,0.3333333333333333,0.14902873781443182
MINDY2-DT,1,1,2e-15,14.69897000433602,0.06730244636579397,0.3333333333333333,0.14711171245605575
FAM157C,1,1,6.000000000000001e-15,14.221848749616356,0.06296185592871165,0.3333333333333333,0.14407329915009814
ABI3,1,1,3e-14,13.522878745280336,0.056603005874104606,0.3333333333333333,0.1396221041118732
EPHA1-AS1,1,1,3e-14,13.522878745280336,0.056603005874104606,0.3333333333333333,0.1396221041118732
SPI1,1,1,5e-14,13.30102999566398,0.054584746256579886,0.3333333333333333,0.13820932237960593
NCK2,1,1,2e-13,12.69897000433602,0.049107530946934,0.3333333333333333,0.1343752716628538
DOC2A,1,1,3.0000000000000014e-13,12.522878745280336,0.04750554816467462,0.3333333333333333,0.13325388371527222
ANK3,1,1,3.0000000000000014e-13,12.522878745280336,0.04750554816467462,0.3333333333333333,0.13325388371527222
LINC01553,1,1,3.0000000000000014e-13,12.522878745280336,0.04750554816467462,0.3333333333333333,0.13325388371527222
SCIMP,1,1,4e-13,12.397940008672036,0.04636892329211101,0.3333333333333333,0.1324582463044777
ZNF594-DT,1,1,4e-13,12.397940008672036,0.04636892329211101,0.3333333333333333,0.1324582463044777
WNT3,1,1,9e-13,12.045757490560677,0.04316495772759236,0.3333333333333333,0.13021547040931464
APP,1,1,1e-12,12.0,0.04274868089232696,0.3333333333333333,0.12992407662462885
TSPOAP1-AS1,1,1,2e-12,11.69897000433602,0.04001007323750402,0.3333333333333333,0.1280070512662528
IDUA,1,1,8e-12,11.096910013008056,0.034532857927858075,0.3333333333333333,0.12417300054950065
SLC26A1,1,1,8e-12,11.096910013008056,0.034532857927858075,0.3333333333333333,0.12417300054950065
BCKDK,1,1,2e-11,10.69897000433602,0.03091261552807403,0.3333333333333333,0.12163883086965181
LILRB2,1,1,4e-11,10.397940008672036,0.02817400787325104,0.3333333333333333,0.11972180551127572
RNU6-1307P,1,1,4e-11,10.397940008672036,0.02817400787325104,0.3333333333333333,0.11972180551127572
TMEM106B,1,1,5e-11,10.30102999566398,0.027292373128289936,0.3333333333333333,0.11910466118980295
BLNK,1,1,6.999999999999999e-11,10.154901959985745,0.02596297950354512,0.3333333333333333,0.11817408565248158
WDR81-AS1,1,1,8e-11,10.096910013008056,0.025435400218428092,0.3333333333333333,0.11780478015289966
SNX1,1,1,8e-11,10.096910013008056,0.025435400218428092,0.3333333333333333,0.11780478015289966
WDR81,1,1,8e-11,10.096910013008056,0.025435400218428092,0.3333333333333333,0.11780478015289966
UMAD1,1,1,1e-10,10.0,0.02455376547346699,0.3333333333333333,0.11718763583142688
SEC61G-DT,1,1,2e-10,9.69897000433602,0.021815157818644047,0.3333333333333333,0.11527061047305082
ADAMTS1,1,1,2e-10,9.69897000433602,0.021815157818644047,0.3333333333333333,0.11527061047305082
CYYR1,1,1,2e-10,9.69897000433602,0.021815157818644047,0.3333333333333333,0.11527061047305082
EGFR,1,1,2e-10,9.69897000433602,0.021815157818644047,0.3333333333333333,0.11527061047305082
IGHV3-64,1,1,4e-10,9.397940008672036,0.01907655016382105,0.3333333333333333,0.11335358511467472
IGHV3-65,1,1,4e-10,9.397940008672036,0.01907655016382105,0.3333333333333333,0.11335358511467472
GPR141,1,1,5e-10,9.30102999566398,0.018194915418859953,0.3333333333333333,0.11273644079320196
KLF16,1,1,5e-10,9.30102999566398,0.018194915418859953,0.3333333333333333,0.11273644079320196
NME8,1,1,5e-10,9.30102999566398,0.018194915418859953,0.3333333333333333,0.11273644079320196
IL34,1,1,6e-10,9.221848749616356,0.01747456738156173,0.3333333333333333,0.1122321971670932
UNC5CL,1,1,1e-09,9.0,0.015456307764037006,0.3333333333333333,0.1108194154348259
RHOH,1,1,1e-09,9.0,0.015456307764037006,0.3333333333333333,0.1108194154348259
MYO15A,1,1,1e-09,9.0,0.015456307764037006,0.3333333333333333,0.1108194154348259
ATP8B4,1,1,1e-09,9.0,0.015456307764037006,0.3333333333333333,0.1108194154348259
OARD1,1,1,1e-09,9.0,0.015456307764037006,0.3333333333333333,0.1108194154348259
ABCA1,1,1,2e-09,8.698970004336019,0.012717700109214046,0.3333333333333333,0.10890239007644982
ANKH,1,1,2e-09,8.698970004336019,0.012717700109214046,0.3333333333333333,0.10890239007644982
ARHGAP45,1,1,2e-09,8.698970004336019,0.012717700109214046,0.3333333333333333,0.10890239007644982
HDAC2-AS2,1,1,2e-09,8.698970004336019,0.012717700109214046,0.3333333333333333,0.10890239007644982
CTSB,1,1,2e-09,8.698970004336019,0.012717700109214046,0.3333333333333333,0.10890239007644982
HS3ST5,1,1,2e-09,8.698970004336019,0.012717700109214046,0.3333333333333333,0.10890239007644982
NDUFAF6,1,1,2e-09,8.698970004336019,0.012717700109214046,0.3333333333333333,0.10890239007644982
TPCN1,1,1,2e-09,8.698970004336019,0.012717700109214046,0.3333333333333333,0.10890239007644982
SLC2A4RG,1,1,3e-09,8.522878745280337,0.011115717326954705,0.3333333333333333,0.10778100212886829
PRKD3,1,1,3e-09,8.522878745280337,0.011115717326954705,0.3333333333333333,0.10778100212886829
PLEKHA1,1,1,3e-09,8.522878745280337,0.011115717326954705,0.3333333333333333,0.10778100212886829
CTSH,1,1,4e-09,8.397940008672037,0.009979092454391086,0.3333333333333333,0.10698536471807375
SIGLEC11,1,1,5e-09,8.301029995663981,0.009097457709429983,0.3333333333333333,0.10636822039660097
ICA1,1,1,7.000000000000001e-09,8.154901959985743,0.007768064084685136,0.3333333333333333,0.10543764485927959
SORT1,1,1,8e-09,8.096910013008056,0.0072404847995681245,0.3333333333333333,0.10506833935969769
TNIP1,1,1,9.000000000000001e-09,8.045757490560675,0.0067751268898724034,0.3333333333333333,0.10474258882291067
FENDRR,1,1,1e-08,8.0,0.006358850054607023,0.3333333333333333,0.1044511950382249
JAZF1,1,1,1e-08,8.0,0.006358850054607023,0.3333333333333333,0.1044511950382249
WDR12,1,1,1e-08,8.0,0.006358850054607023,0.3333333333333333,0.1044511950382249
SPPL2A,1,1,1e-08,8.0,0.006358850054607023,0.3333333333333333,0.1044511950382249
LINC00917,1,1,1e-08,8.0,0.006358850054607023,0.3333333333333333,0.1044511950382249
RN7SL354P,1,1,1e-08,8.0,0.006358850054607023,0.3333333333333333,0.1044511950382249
DEDD,1,1,2e-08,7.698970004336019,0.0036202423997840623,0.3333333333333333,0.10253416967984884
IGHG1,1,1,2e-08,7.698970004336019,0.0036202423997840623,0.3333333333333333,0.10253416967984884
TREML2,1,1,2e-08,7.698970004336019,0.0036202423997840623,0.3333333333333333,0.10253416967984884
IGHG3,1,1,2e-08,7.698970004336019,0.0036202423997840623,0.3333333333333333,0.10253416967984884
UFC1,1,1,2e-08,7.698970004336019,0.0036202423997840623,0.3333333333333333,0.10253416967984884
RBCK1,1,1,2e-08,7.698970004336019,0.0036202423997840623,0.3333333333333333,0.10253416967984884
ADAM17,1,1,3.0000000000000004e-08,7.522878745280337,0.0020182596175247216,0.3333333333333333,0.1014127817322673
YWHAQ,1,1,3.0000000000000004e-08,7.522878745280337,0.0020182596175247216,0.3333333333333333,0.1014127817322673
MAF,1,1,3.0000000000000004e-08,7.522878745280337,0.0020182596175247216,0.3333333333333333,0.1014127817322673
RNA5SP431,1,1,3.0000000000000004e-08,7.522878745280337,0.0020182596175247216,0.3333333333333333,0.1014127817322673
QKILA,1,1,4e-08,7.397940008672037,0.0008816347449610932,0.3333333333333333,0.10061714432147276
SETD7,1,1,4e-08,7.397940008672037,0.0008816347449610932,0.3333333333333333,0.10061714432147276
TNFSF13,1,0,5e-08,7.301029995663981,0.0,0.0,0.0
TNFSF12-TNFSF13,1,0,5e-08,7.301029995663981,0.0,0.0,0.0
