gene,variant_count,HIGH,MODERATE,LOW,MODIFIER,most_severe_functional_consequence
ABCA1,1,0,0,0,1,5_prime_UTR_variant
ABCA7,1,0,0,0,1,intron_variant
ABI3,1,0,1,0,0,missense_variant
ADAM17,1,0,0,0,1,intron_variant
ADAMTS1,1,0,0,0,1,intergenic_variant
ANK3,1,0,0,0,1,intron_variant
ANKH,1,0,0,1,0,splice_polypyrimidine_tract_variant
APH1B,1,0,1,0,0,missense_variant
APP,1,0,0,0,1,intron_variant
ARHGAP45,1,1,0,0,0,splice_donor_variant
ATP8B4,1,0,1,0,0,missense_variant
BCKDK,1,0,0,0,1,intron_variant
BIN1,1,0,0,0,1,intron_variant
BLNK,1,0,0,0,1,intron_variant
CASS4,1,0,0,0,1,intron_variant
CD2AP,1,0,0,0,1,intron_variant
CLU,1,0,0,0,1,intron_variant
CR1,1,0,0,0,1,intron_variant
CR1-AS1,1,0,0,0,1,intron_variant
CTSB,1,0,0,0,1,3_prime_UTR_variant
CTSH,1,0,0,0,1,intron_variant
CYB561,1,0,0,0,1,upstream_gene_variant
CYYR1,1,0,0,0,1,intergenic_variant
DEDD,1,0,0,0,1,intron_variant
DOC2A,1,0,1,0,0,missense_variant
ECHDC3,1,0,0,0,1,intron_variant
EGFR,1,0,0,0,1,intron_variant
EPHA1-AS1,1,0,0,0,1,intron_variant
FAM157C,1,0,0,0,1,non_coding_transcript_exon_variant
FENDRR,1,0,0,0,1,intergenic_variant
FERMT2,1,0,0,0,1,intron_variant
GPR141,1,0,0,0,1,upstream_gene_variant
GRN,1,0,0,0,1,3_prime_UTR_variant
HDAC2-AS2,1,0,0,0,1,intron_variant
HLA-DQA1,1,0,0,0,1,downstream_gene_variant
HLA-DRB1,1,0,0,0,1,downstream_gene_variant
HS3ST5,1,0,0,0,1,intron_variant
ICA1,1,0,0,0,1,intron_variant
IDUA,1,0,0,0,1,5_prime_UTR_variant
IGHG1,1,0,0,0,1,downstream_gene_variant
IGHG3,1,0,0,0,1,downstream_gene_variant
IGHV3-64,1,0,0,0,1,downstream_gene_variant
IGHV3-65,1,0,0,0,1,downstream_gene_variant
IL34,1,1,0,0,0,stop_gained
INPP5D,1,0,0,0,1,intron_variant
JAZF1,1,0,0,0,1,intron_variant
KLF16,1,0,0,0,1,3_prime_UTR_variant
LILRB2,1,0,0,0,1,intron_variant
LINC00917,1,0,0,0,1,intergenic_variant
LINC01553,1,0,0,0,1,intron_variant
LINC02059,1,0,0,0,1,intron_variant
LINC02498,1,0,0,0,1,intergenic_variant
LINC02695,1,0,0,0,1,downstream_gene_variant
MAF,1,0,0,0,1,intergenic_variant
MAF1,1,0,1,0,0,missense_variant
MINDY2-DT,1,0,0,0,1,intron_variant
MIR4280HG,1,0,0,0,1,intron_variant
MIR572,1,0,0,0,1,intergenic_variant
MME,2,0,1,0,1,missense_variant
MS4A4A,1,0,0,0,1,intron_variant
MYO15A,1,0,0,0,1,non_coding_transcript_exon_variant
NCK2,1,0,0,0,1,intron_variant
NDUFAF6,1,0,0,0,1,intron_variant
NIFKP9,1,0,0,0,1,intron_variant
NME8,1,0,0,0,1,upstream_gene_variant
OARD1,1,0,0,0,1,intron_variant
PLCG2,2,0,1,0,1,missense_variant
PLEKHA1,1,0,0,0,1,intron_variant
PMS2P1,1,0,0,0,1,intron_variant
PPIAP55,1,0,0,0,1,upstream_gene_variant
PRKD3,1,0,0,0,1,intron_variant
PTK2B,1,0,0,0,1,intron_variant
QKILA,1,0,0,0,1,intron_variant
RASGEF1C,1,0,0,0,1,intron_variant
RBCK1,1,0,0,0,1,intron_variant
RHOH,1,0,0,0,1,5_prime_UTR_variant
RN7SL354P,1,0,0,0,1,intron_variant
RNA5SP431,1,0,0,0,1,intergenic_variant
RNU6-1307P,1,0,0,0,1,intron_variant
RNU6-560P,1,0,0,0,1,downstream_gene_variant
SCIMP,1,0,0,0,1,intron_variant
SEC61G-DT,1,0,0,0,1,intron_variant
SETD7,1,0,0,0,1,intron_variant
SHARPIN,1,0,1,0,0,missense_variant
SIGLEC11,1,0,0,1,0,synonymous_variant
SLC24A4,2,0,0,0,2,intron_variant
SLC26A1,1,0,0,0,1,5_prime_UTR_variant
SLC2A4RG,1,0,0,0,1,3_prime_UTR_variant
SNX1,1,0,0,0,1,intron_variant
SORL1,2,0,0,0,2,intron_variant
SORT1,1,0,1,0,0,missense_variant
SPI1,1,0,0,0,1,intron_variant
SPPL2A,1,0,0,0,1,intron_variant
TMEM106B,1,0,0,0,1,3_prime_UTR_variant
TNFSF12-TNFSF13,1,0,0,0,1,3_prime_UTR_variant
TNFSF13,1,0,0,0,1,3_prime_UTR_variant
TNIP1,1,0,0,0,1,intron_variant
TPCN1,1,0,0,0,1,intron_variant
TREM2,3,0,2,0,1,missense_variant
TREML2,1,0,0,0,1,intron_variant
TSPAN14,1,0,0,0,1,intron_variant
TSPOAP1-AS1,1,0,0,0,1,intron_variant
UFC1,1,0,0,0,1,intron_variant
UMAD1,1,0,0,0,1,intron_variant
UNC5CL,1,0,0,0,1,intron_variant
USP6NL-AS1,1,0,0,0,1,intron_variant
WDR12,1,0,0,0,1,3_prime_UTR_variant
WDR81,1,0,1,0,0,inframe_insertion
WDR81-AS1,1,0,1,0,0,inframe_insertion
WNT3,1,0,0,0,1,intron_variant
YWHAQ,1,0,0,0,1,intron_variant
ZNF594-DT,1,0,0,0,1,intron_variant
