gene,gwas_score,best_p_value,variant_count,significant_variant_count,functional_score,most_severe_functional_consequence,HIGH,MODERATE,LOW,MODIFIER
BIN1,0.7999999999999999,6e-118,1,1,0.1,intron_variant,0,0,0,1
NIFKP9,0.7999999999999999,6e-118,1,1,0.1,intron_variant,0,0,0,1
TREM2,0.486091173233696,3e-37,3,3,0.5,missense_variant,0,2,0,1
RNU6-560P,0.3561415975963068,3e-48,1,1,0.1,downstream_gene_variant,0,0,0,1
LINC02695,0.3561415975963068,3e-48,1,1,0.1,downstream_gene_variant,0,0,0,1
CR1,0.3410617995335161,7e-46,1,1,0.1,intron_variant,0,0,0,1
CR1-AS1,0.3410617995335161,7e-46,1,1,0.1,intron_variant,0,0,0,1
CLU,0.3317901039574844,2e-44,1,1,0.1,intron_variant,0,0,0,1
MS4A4A,0.3171366378059064,3.9999999999999995e-42,1,1,0.1,intron_variant,0,0,0,1
SORL1,0.2872380601940377,1e-21,2,2,0.1,intron_variant,0,0,0,2
ABCA7,0.2872125611812774,2e-37,1,1,0.1,intron_variant,0,0,0,1
PLCG2,0.2362922970212298,1e-13,2,2,0.39999999999999997,missense_variant,0,1,0,1
MME,0.2216388308696518,2e-11,2,2,0.39999999999999997,missense_variant,0,1,0,1
PMS2P1,0.2190791621770427,9.999999999999999e-27,1,1,0.1,intron_variant,0,0,0,1
APH1B,0.2107939164220656,1.9999999999999998e-25,1,1,0.7,missense_variant,0,1,0,0
PTK2B,0.1897722298738866,4e-22,1,1,0.1,intron_variant,0,0,0,1
CD2AP,0.1878552045155105,8e-22,1,1,0.1,intron_variant,0,0,0,1
SLC24A4,0.1834040094772856,4e-21,2,1,0.1,intron_variant,0,0,0,2
CASS4,0.1834040094772856,4e-21,1,1,0.1,intron_variant,0,0,0,1
GRN,0.1789528144390607,2e-20,1,1,0.1,3_prime_UTR_variant,0,0,0,1
HLA-DRB1,0.1754880692218904,7e-20,1,1,0.1,downstream_gene_variant,0,0,0,1
HLA-DQA1,0.1754880692218904,7e-20,1,1,0.1,downstream_gene_variant,0,0,0,1
PPIAP55,0.1747930131855215,8.999999999999999e-20,1,1,0.1,upstream_gene_variant,0,0,0,1
CYB561,0.1747930131855215,8.999999999999999e-20,1,1,0.1,upstream_gene_variant,0,0,0,1
TSPAN14,0.1725845940424597,2e-19,1,1,0.1,intron_variant,0,0,0,1
ECHDC3,0.1681333990042348,1e-18,1,1,0.1,intron_variant,0,0,0,1
USP6NL-AS1,0.1681333990042348,1e-18,1,1,0.1,intron_variant,0,0,0,1
INPP5D,0.1642993482874826,4e-18,1,1,0.1,intron_variant,0,0,0,1
MIR572,0.1598481532492577,2e-17,1,1,0.1,intergenic_variant,0,0,0,1
LINC02498,0.1598481532492577,2e-17,1,1,0.1,intergenic_variant,0,0,0,1
RASGEF1C,0.1534799328526567,2e-16,1,1,0.1,intron_variant,0,0,0,1
MAF1,0.1534799328526567,2e-16,1,1,0.7,missense_variant,0,1,0,0
SHARPIN,0.1534799328526567,2e-16,1,1,0.7,missense_variant,0,1,0,0
FERMT2,0.1496458821359046,8e-16,1,1,0.1,intron_variant,0,0,0,1
LINC02059,0.1490287378144318,1e-15,1,1,0.1,intron_variant,0,0,0,1
MIR4280HG,0.1490287378144318,1e-15,1,1,0.1,intron_variant,0,0,0,1
MINDY2-DT,0.1471117124560557,2e-15,1,1,0.1,intron_variant,0,0,0,1
FAM157C,0.1440732991500981,6.000000000000001e-15,1,1,0.1,non_coding_transcript_exon_variant,0,0,0,1
ABI3,0.1396221041118732,3e-14,1,1,0.7,missense_variant,0,1,0,0
EPHA1-AS1,0.1396221041118732,3e-14,1,1,0.1,intron_variant,0,0,0,1
SPI1,0.1382093223796059,5e-14,1,1,0.1,intron_variant,0,0,0,1
NCK2,0.1343752716628538,2e-13,1,1,0.1,intron_variant,0,0,0,1
DOC2A,0.1332538837152722,3.0000000000000014e-13,1,1,0.7,missense_variant,0,1,0,0
ANK3,0.1332538837152722,3.0000000000000014e-13,1,1,0.1,intron_variant,0,0,0,1
LINC01553,0.1332538837152722,3.0000000000000014e-13,1,1,0.1,intron_variant,0,0,0,1
SCIMP,0.1324582463044777,4e-13,1,1,0.1,intron_variant,0,0,0,1
ZNF594-DT,0.1324582463044777,4e-13,1,1,0.1,intron_variant,0,0,0,1
WNT3,0.1302154704093146,9e-13,1,1,0.1,intron_variant,0,0,0,1
APP,0.1299240766246288,1e-12,1,1,0.1,intron_variant,0,0,0,1
TSPOAP1-AS1,0.1280070512662528,2e-12,1,1,0.1,intron_variant,0,0,0,1
IDUA,0.1241730005495006,8e-12,1,1,0.1,5_prime_UTR_variant,0,0,0,1
SLC26A1,0.1241730005495006,8e-12,1,1,0.1,5_prime_UTR_variant,0,0,0,1
BCKDK,0.1216388308696518,2e-11,1,1,0.1,intron_variant,0,0,0,1
LILRB2,0.1197218055112757,4e-11,1,1,0.1,intron_variant,0,0,0,1
RNU6-1307P,0.1197218055112757,4e-11,1,1,0.1,intron_variant,0,0,0,1
TMEM106B,0.1191046611898029,5e-11,1,1,0.1,3_prime_UTR_variant,0,0,0,1
BLNK,0.1181740856524815,6.999999999999999e-11,1,1,0.1,intron_variant,0,0,0,1
WDR81-AS1,0.1178047801528996,8e-11,1,1,0.7,inframe_insertion,0,1,0,0
SNX1,0.1178047801528996,8e-11,1,1,0.1,intron_variant,0,0,0,1
WDR81,0.1178047801528996,8e-11,1,1,0.7,inframe_insertion,0,1,0,0
UMAD1,0.1171876358314268,1e-10,1,1,0.1,intron_variant,0,0,0,1
SEC61G-DT,0.1152706104730508,2e-10,1,1,0.1,intron_variant,0,0,0,1
ADAMTS1,0.1152706104730508,2e-10,1,1,0.1,intergenic_variant,0,0,0,1
CYYR1,0.1152706104730508,2e-10,1,1,0.1,intergenic_variant,0,0,0,1
EGFR,0.1152706104730508,2e-10,1,1,0.1,intron_variant,0,0,0,1
IGHV3-64,0.1133535851146747,4e-10,1,1,0.1,downstream_gene_variant,0,0,0,1
IGHV3-65,0.1133535851146747,4e-10,1,1,0.1,downstream_gene_variant,0,0,0,1
GPR141,0.1127364407932019,5e-10,1,1,0.1,upstream_gene_variant,0,0,0,1
KLF16,0.1127364407932019,5e-10,1,1,0.1,3_prime_UTR_variant,0,0,0,1
NME8,0.1127364407932019,5e-10,1,1,0.1,upstream_gene_variant,0,0,0,1
IL34,0.1122321971670932,6e-10,1,1,1.0,stop_gained,1,0,0,0
UNC5CL,0.1108194154348259,1e-09,1,1,0.1,intron_variant,0,0,0,1
RHOH,0.1108194154348259,1e-09,1,1,0.1,5_prime_UTR_variant,0,0,0,1
MYO15A,0.1108194154348259,1e-09,1,1,0.1,non_coding_transcript_exon_variant,0,0,0,1
ATP8B4,0.1108194154348259,1e-09,1,1,0.7,missense_variant,0,1,0,0
OARD1,0.1108194154348259,1e-09,1,1,0.1,intron_variant,0,0,0,1
ABCA1,0.1089023900764498,2e-09,1,1,0.1,5_prime_UTR_variant,0,0,0,1
ANKH,0.1089023900764498,2e-09,1,1,0.3,splice_polypyrimidine_tract_variant,0,0,1,0
ARHGAP45,0.1089023900764498,2e-09,1,1,1.0,splice_donor_variant,1,0,0,0
HDAC2-AS2,0.1089023900764498,2e-09,1,1,0.1,intron_variant,0,0,0,1
CTSB,0.1089023900764498,2e-09,1,1,0.1,3_prime_UTR_variant,0,0,0,1
HS3ST5,0.1089023900764498,2e-09,1,1,0.1,intron_variant,0,0,0,1
NDUFAF6,0.1089023900764498,2e-09,1,1,0.1,intron_variant,0,0,0,1
TPCN1,0.1089023900764498,2e-09,1,1,0.1,intron_variant,0,0,0,1
SLC2A4RG,0.1077810021288682,3e-09,1,1,0.1,3_prime_UTR_variant,0,0,0,1
PRKD3,0.1077810021288682,3e-09,1,1,0.1,intron_variant,0,0,0,1
PLEKHA1,0.1077810021288682,3e-09,1,1,0.1,intron_variant,0,0,0,1
CTSH,0.1069853647180737,4e-09,1,1,0.1,intron_variant,0,0,0,1
SIGLEC11,0.1063682203966009,5e-09,1,1,0.3,synonymous_variant,0,0,1,0
ICA1,0.1054376448592795,7.0000000000000015e-09,1,1,0.1,intron_variant,0,0,0,1
SORT1,0.1050683393596976,8e-09,1,1,0.7,missense_variant,0,1,0,0
TNIP1,0.1047425888229106,9.000000000000001e-09,1,1,0.1,intron_variant,0,0,0,1
FENDRR,0.1044511950382249,1e-08,1,1,0.1,intergenic_variant,0,0,0,1
JAZF1,0.1044511950382249,1e-08,1,1,0.1,intron_variant,0,0,0,1
WDR12,0.1044511950382249,1e-08,1,1,0.1,3_prime_UTR_variant,0,0,0,1
SPPL2A,0.1044511950382249,1e-08,1,1,0.1,intron_variant,0,0,0,1
LINC00917,0.1044511950382249,1e-08,1,1,0.1,intergenic_variant,0,0,0,1
RN7SL354P,0.1044511950382249,1e-08,1,1,0.1,intron_variant,0,0,0,1
DEDD,0.1025341696798488,2e-08,1,1,0.1,intron_variant,0,0,0,1
IGHG1,0.1025341696798488,2e-08,1,1,0.1,downstream_gene_variant,0,0,0,1
TREML2,0.1025341696798488,2e-08,1,1,0.1,intron_variant,0,0,0,1
IGHG3,0.1025341696798488,2e-08,1,1,0.1,downstream_gene_variant,0,0,0,1
UFC1,0.1025341696798488,2e-08,1,1,0.1,intron_variant,0,0,0,1
RBCK1,0.1025341696798488,2e-08,1,1,0.1,intron_variant,0,0,0,1
ADAM17,0.1014127817322673,3.0000000000000004e-08,1,1,0.1,intron_variant,0,0,0,1
YWHAQ,0.1014127817322673,3.0000000000000004e-08,1,1,0.1,intron_variant,0,0,0,1
MAF,0.1014127817322673,3.0000000000000004e-08,1,1,0.1,intergenic_variant,0,0,0,1
RNA5SP431,0.1014127817322673,3.0000000000000004e-08,1,1,0.1,intergenic_variant,0,0,0,1
QKILA,0.1006171443214727,4e-08,1,1,0.1,intron_variant,0,0,0,1
SETD7,0.1006171443214727,4e-08,1,1,0.1,intron_variant,0,0,0,1
TNFSF13,0.0,5e-08,1,0,0.1,3_prime_UTR_variant,0,0,0,1
TNFSF12-TNFSF13,0.0,5e-08,1,0,0.1,3_prime_UTR_variant,0,0,0,1
