gene,geneprior_rank,geneprior_score,geneprior_score_100,gwas_score,gwas_contribution,functional_score,functional_contribution,best_p_value,variant_count,significant_variant_count,most_severe_functional_consequence,HIGH,MODERATE,LOW,MODIFIER
BIN1,1,0.59,59.0,0.7999999999999999,0.5599999999999999,0.1,0.03,6e-118,1,1,intron_variant,0,0,0,1
NIFKP9,2,0.59,59.0,0.7999999999999999,0.5599999999999999,0.1,0.03,6e-118,1,1,intron_variant,0,0,0,1
TREM2,3,0.49026382126358714,49.02638212635871,0.486091173233696,0.3402638212635872,0.5,0.15,3e-37,3,3,missense_variant,0,2,0,1
IL34,4,0.3785625380169652,37.85625380169652,0.1122321971670932,0.07856253801696524,1.0,0.3,6e-10,1,1,stop_gained,1,0,0,0
ARHGAP45,5,0.37623167305351485,37.62316730535149,0.1089023900764498,0.07623167305351486,1.0,0.3,2e-09,1,1,splice_donor_variant,1,0,0,0
APH1B,6,0.3575557414954459,35.755574149544586,0.2107939164220656,0.14755574149544592,0.7,0.21,1.9999999999999998e-25,1,1,missense_variant,0,1,0,0
MAF1,7,0.31743595299685967,31.743595299685968,0.1534799328526567,0.1074359529968597,0.7,0.21,2e-16,1,1,missense_variant,0,1,0,0
SHARPIN,8,0.31743595299685967,31.743595299685968,0.1534799328526567,0.1074359529968597,0.7,0.21,2e-16,1,1,missense_variant,0,1,0,0
ABI3,9,0.3077354728783112,30.77354728783112,0.1396221041118732,0.09773547287831123,0.7,0.21,3e-14,1,1,missense_variant,0,1,0,0
DOC2A,10,0.3032777186006905,30.327771860069053,0.1332538837152722,0.09327771860069053,0.7,0.21,3.0000000000000014e-13,1,1,missense_variant,0,1,0,0
WDR81,11,0.29246334610702973,29.246334610702974,0.1178047801528996,0.08246334610702971,0.7,0.21,8e-11,1,1,inframe_insertion,0,1,0,0
WDR81-AS1,12,0.29246334610702973,29.246334610702974,0.1178047801528996,0.08246334610702971,0.7,0.21,8e-11,1,1,inframe_insertion,0,1,0,0
ATP8B4,13,0.2875735908043781,28.757359080437812,0.1108194154348259,0.07757359080437813,0.7,0.21,1e-09,1,1,missense_variant,0,1,0,0
PLCG2,14,0.28540460791486083,28.540460791486083,0.2362922970212298,0.16540460791486086,0.39999999999999997,0.11999999999999998,1e-13,2,2,missense_variant,0,1,0,1
SORT1,15,0.2835478375517883,28.35478375517883,0.1050683393596976,0.07354783755178831,0.7,0.21,8e-09,1,1,missense_variant,0,1,0,0
RNU6-560P,16,0.2792991183174147,27.92991183174147,0.3561415975963068,0.24929911831741475,0.1,0.03,3e-48,1,1,downstream_gene_variant,0,0,0,1
LINC02695,17,0.2792991183174147,27.92991183174147,0.3561415975963068,0.24929911831741475,0.1,0.03,3e-48,1,1,downstream_gene_variant,0,0,0,1
MME,18,0.27514718160875623,27.514718160875624,0.2216388308696518,0.15514718160875626,0.39999999999999997,0.11999999999999998,2e-11,2,2,missense_variant,0,1,0,1
CR1,19,0.26874325967346124,26.874325967346124,0.3410617995335161,0.23874325967346127,0.1,0.03,7e-46,1,1,intron_variant,0,0,0,1
CR1-AS1,20,0.26874325967346124,26.874325967346124,0.3410617995335161,0.23874325967346127,0.1,0.03,7e-46,1,1,intron_variant,0,0,0,1
CLU,21,0.262253072770239,26.2253072770239,0.3317901039574844,0.23225307277023904,0.1,0.03,2e-44,1,1,intron_variant,0,0,0,1
MS4A4A,22,0.25199564646413447,25.199564646413446,0.3171366378059064,0.22199564646413447,0.1,0.03,3.9999999999999995e-42,1,1,intron_variant,0,0,0,1
SORL1,23,0.23106664213582637,23.106664213582636,0.2872380601940377,0.20106664213582637,0.1,0.03,1e-21,2,2,intron_variant,0,0,0,2
ABCA7,24,0.23104879282689417,23.104879282689417,0.2872125611812774,0.20104879282689417,0.1,0.03,2e-37,1,1,intron_variant,0,0,0,1
PMS2P1,25,0.1833554135239299,18.33554135239299,0.2190791621770427,0.1533554135239299,0.1,0.03,9.999999999999999e-27,1,1,intron_variant,0,0,0,1
ANKH,26,0.16623167305351486,16.623167305351487,0.1089023900764498,0.07623167305351486,0.3,0.09,2e-09,1,1,splice_polypyrimidine_tract_variant,0,0,1,0
SIGLEC11,27,0.1644577542776206,16.44577542776206,0.1063682203966009,0.07445775427762062,0.3,0.09,5e-09,1,1,synonymous_variant,0,0,1,0
PTK2B,28,0.1628405609117206,16.28405609117206,0.1897722298738866,0.1328405609117206,0.1,0.03,4e-22,1,1,intron_variant,0,0,0,1
CD2AP,29,0.16149864316085732,16.149864316085733,0.1878552045155105,0.13149864316085733,0.1,0.03,8e-22,1,1,intron_variant,0,0,0,1
CASS4,30,0.15838280663409993,15.838280663409993,0.1834040094772856,0.12838280663409993,0.1,0.03,4e-21,1,1,intron_variant,0,0,0,1
SLC24A4,31,0.15838280663409993,15.838280663409993,0.1834040094772856,0.12838280663409993,0.1,0.03,4e-21,2,1,intron_variant,0,0,0,2
GRN,32,0.15526697010734247,15.526697010734248,0.1789528144390607,0.12526697010734247,0.1,0.03,2e-20,1,1,3_prime_UTR_variant,0,0,0,1
HLA-DRB1,33,0.15284164845532328,15.284164845532327,0.1754880692218904,0.12284164845532326,0.1,0.03,7e-20,1,1,downstream_gene_variant,0,0,0,1
HLA-DQA1,34,0.15284164845532328,15.284164845532327,0.1754880692218904,0.12284164845532326,0.1,0.03,7e-20,1,1,downstream_gene_variant,0,0,0,1
PPIAP55,35,0.15235510922986506,15.235510922986506,0.1747930131855215,0.12235510922986505,0.1,0.03,8.999999999999999e-20,1,1,upstream_gene_variant,0,0,0,1
CYB561,36,0.15235510922986506,15.235510922986506,0.1747930131855215,0.12235510922986505,0.1,0.03,8.999999999999999e-20,1,1,upstream_gene_variant,0,0,0,1
TSPAN14,37,0.1508092158297218,15.080921582972179,0.1725845940424597,0.12080921582972179,0.1,0.03,2e-19,1,1,intron_variant,0,0,0,1
USP6NL-AS1,38,0.14769337930296433,14.769337930296434,0.1681333990042348,0.11769337930296435,0.1,0.03,1e-18,1,1,intron_variant,0,0,0,1
ECHDC3,39,0.14769337930296433,14.769337930296434,0.1681333990042348,0.11769337930296435,0.1,0.03,1e-18,1,1,intron_variant,0,0,0,1
INPP5D,40,0.14500954380123782,14.500954380123781,0.1642993482874826,0.11500954380123782,0.1,0.03,4e-18,1,1,intron_variant,0,0,0,1
MIR572,41,0.14189370727448036,14.189370727448036,0.1598481532492577,0.11189370727448038,0.1,0.03,2e-17,1,1,intergenic_variant,0,0,0,1
LINC02498,42,0.14189370727448036,14.189370727448036,0.1598481532492577,0.11189370727448038,0.1,0.03,2e-17,1,1,intergenic_variant,0,0,0,1
RASGEF1C,43,0.13743595299685968,13.743595299685968,0.1534799328526567,0.1074359529968597,0.1,0.03,2e-16,1,1,intron_variant,0,0,0,1
FERMT2,44,0.13475211749513322,13.475211749513322,0.1496458821359046,0.10475211749513322,0.1,0.03,8e-16,1,1,intron_variant,0,0,0,1
LINC02059,45,0.13432011647010225,13.432011647010226,0.1490287378144318,0.10432011647010225,0.1,0.03,1e-15,1,1,intron_variant,0,0,0,1
MIR4280HG,46,0.13432011647010225,13.432011647010226,0.1490287378144318,0.10432011647010225,0.1,0.03,1e-15,1,1,intron_variant,0,0,0,1
MINDY2-DT,47,0.132978198719239,13.297819871923899,0.1471117124560557,0.10297819871923898,0.1,0.03,2e-15,1,1,intron_variant,0,0,0,1
FAM157C,48,0.13085130940506867,13.085130940506867,0.1440732991500981,0.10085130940506866,0.1,0.03,6.000000000000001e-15,1,1,non_coding_transcript_exon_variant,0,0,0,1
EPHA1-AS1,49,0.12773547287831122,12.773547287831121,0.1396221041118732,0.09773547287831123,0.1,0.03,3e-14,1,1,intron_variant,0,0,0,1
SPI1,50,0.12674652566572414,12.674652566572414,0.1382093223796059,0.09674652566572413,0.1,0.03,5e-14,1,1,intron_variant,0,0,0,1
NCK2,51,0.12406269016399765,12.406269016399765,0.1343752716628538,0.09406269016399765,0.1,0.03,2e-13,1,1,intron_variant,0,0,0,1
ANK3,52,0.12327771860069053,12.327771860069053,0.1332538837152722,0.09327771860069053,0.1,0.03,3.0000000000000014e-13,1,1,intron_variant,0,0,0,1
LINC01553,53,0.12327771860069053,12.327771860069053,0.1332538837152722,0.09327771860069053,0.1,0.03,3.0000000000000014e-13,1,1,intron_variant,0,0,0,1
ZNF594-DT,54,0.12272077241313438,12.272077241313438,0.1324582463044777,0.09272077241313438,0.1,0.03,4e-13,1,1,intron_variant,0,0,0,1
SCIMP,55,0.12272077241313438,12.272077241313438,0.1324582463044777,0.09272077241313438,0.1,0.03,4e-13,1,1,intron_variant,0,0,0,1
WNT3,56,0.12115082928652023,12.115082928652022,0.1302154704093146,0.09115082928652023,0.1,0.03,9e-13,1,1,intron_variant,0,0,0,1
APP,57,0.12094685363724014,12.094685363724015,0.1299240766246288,0.09094685363724014,0.1,0.03,1e-12,1,1,intron_variant,0,0,0,1
TSPOAP1-AS1,58,0.11960493588637695,11.960493588637695,0.1280070512662528,0.08960493588637695,0.1,0.03,2e-12,1,1,intron_variant,0,0,0,1
IDUA,59,0.11692110038465042,11.692110038465042,0.1241730005495006,0.08692110038465042,0.1,0.03,8e-12,1,1,5_prime_UTR_variant,0,0,0,1
SLC26A1,60,0.11692110038465042,11.692110038465042,0.1241730005495006,0.08692110038465042,0.1,0.03,8e-12,1,1,5_prime_UTR_variant,0,0,0,1
BCKDK,61,0.11514718160875625,11.514718160875626,0.1216388308696518,0.08514718160875626,0.1,0.03,2e-11,1,1,intron_variant,0,0,0,1
LILRB2,62,0.11380526385789298,11.380526385789299,0.1197218055112757,0.08380526385789298,0.1,0.03,4e-11,1,1,intron_variant,0,0,0,1
RNU6-1307P,63,0.11380526385789298,11.380526385789299,0.1197218055112757,0.08380526385789298,0.1,0.03,4e-11,1,1,intron_variant,0,0,0,1
TMEM106B,64,0.11337326283286202,11.337326283286203,0.1191046611898029,0.08337326283286202,0.1,0.03,5e-11,1,1,3_prime_UTR_variant,0,0,0,1
BLNK,65,0.11272185995673704,11.272185995673704,0.1181740856524815,0.08272185995673705,0.1,0.03,6.999999999999999e-11,1,1,intron_variant,0,0,0,1
SNX1,66,0.11246334610702971,11.246334610702972,0.1178047801528996,0.08246334610702971,0.1,0.03,8e-11,1,1,intron_variant,0,0,0,1
UMAD1,67,0.11203134508199876,11.203134508199875,0.1171876358314268,0.08203134508199876,0.1,0.03,1e-10,1,1,intron_variant,0,0,0,1
EGFR,68,0.11068942733113556,11.068942733113555,0.1152706104730508,0.08068942733113556,0.1,0.03,2e-10,1,1,intron_variant,0,0,0,1
CYYR1,69,0.11068942733113556,11.068942733113555,0.1152706104730508,0.08068942733113556,0.1,0.03,2e-10,1,1,intergenic_variant,0,0,0,1
ADAMTS1,70,0.11068942733113556,11.068942733113555,0.1152706104730508,0.08068942733113556,0.1,0.03,2e-10,1,1,intergenic_variant,0,0,0,1
SEC61G-DT,71,0.11068942733113556,11.068942733113555,0.1152706104730508,0.08068942733113556,0.1,0.03,2e-10,1,1,intron_variant,0,0,0,1
IGHV3-65,72,0.10934750958027228,10.934750958027228,0.1133535851146747,0.07934750958027229,0.1,0.03,4e-10,1,1,downstream_gene_variant,0,0,0,1
IGHV3-64,73,0.10934750958027228,10.934750958027228,0.1133535851146747,0.07934750958027229,0.1,0.03,4e-10,1,1,downstream_gene_variant,0,0,0,1
GPR141,74,0.10891550855524132,10.891550855524132,0.1127364407932019,0.07891550855524132,0.1,0.03,5e-10,1,1,upstream_gene_variant,0,0,0,1
KLF16,75,0.10891550855524132,10.891550855524132,0.1127364407932019,0.07891550855524132,0.1,0.03,5e-10,1,1,3_prime_UTR_variant,0,0,0,1
NME8,76,0.10891550855524132,10.891550855524132,0.1127364407932019,0.07891550855524132,0.1,0.03,5e-10,1,1,upstream_gene_variant,0,0,0,1
UNC5CL,77,0.10757359080437813,10.757359080437814,0.1108194154348259,0.07757359080437813,0.1,0.03,1e-09,1,1,intron_variant,0,0,0,1
MYO15A,78,0.10757359080437813,10.757359080437814,0.1108194154348259,0.07757359080437813,0.1,0.03,1e-09,1,1,non_coding_transcript_exon_variant,0,0,0,1
RHOH,79,0.10757359080437813,10.757359080437814,0.1108194154348259,0.07757359080437813,0.1,0.03,1e-09,1,1,5_prime_UTR_variant,0,0,0,1
OARD1,80,0.10757359080437813,10.757359080437814,0.1108194154348259,0.07757359080437813,0.1,0.03,1e-09,1,1,intron_variant,0,0,0,1
CTSB,81,0.10623167305351486,10.623167305351485,0.1089023900764498,0.07623167305351486,0.1,0.03,2e-09,1,1,3_prime_UTR_variant,0,0,0,1
HS3ST5,82,0.10623167305351486,10.623167305351485,0.1089023900764498,0.07623167305351486,0.1,0.03,2e-09,1,1,intron_variant,0,0,0,1
ABCA1,83,0.10623167305351486,10.623167305351485,0.1089023900764498,0.07623167305351486,0.1,0.03,2e-09,1,1,5_prime_UTR_variant,0,0,0,1
HDAC2-AS2,84,0.10623167305351486,10.623167305351485,0.1089023900764498,0.07623167305351486,0.1,0.03,2e-09,1,1,intron_variant,0,0,0,1
NDUFAF6,85,0.10623167305351486,10.623167305351485,0.1089023900764498,0.07623167305351486,0.1,0.03,2e-09,1,1,intron_variant,0,0,0,1
TPCN1,86,0.10623167305351486,10.623167305351485,0.1089023900764498,0.07623167305351486,0.1,0.03,2e-09,1,1,intron_variant,0,0,0,1
PLEKHA1,87,0.10544670149020773,10.544670149020773,0.1077810021288682,0.07544670149020773,0.1,0.03,3e-09,1,1,intron_variant,0,0,0,1
PRKD3,88,0.10544670149020773,10.544670149020773,0.1077810021288682,0.07544670149020773,0.1,0.03,3e-09,1,1,intron_variant,0,0,0,1
SLC2A4RG,89,0.10544670149020773,10.544670149020773,0.1077810021288682,0.07544670149020773,0.1,0.03,3e-09,1,1,3_prime_UTR_variant,0,0,0,1
CTSH,90,0.10488975530265159,10.488975530265158,0.1069853647180737,0.07488975530265159,0.1,0.03,4e-09,1,1,intron_variant,0,0,0,1
ICA1,91,0.10380635140149565,10.380635140149565,0.1054376448592795,0.07380635140149565,0.1,0.03,7.0000000000000015e-09,1,1,intron_variant,0,0,0,1
TNIP1,92,0.10331981217603742,10.331981217603742,0.1047425888229106,0.07331981217603742,0.1,0.03,9.000000000000001e-09,1,1,intron_variant,0,0,0,1
FENDRR,93,0.10311583652675743,10.311583652675743,0.1044511950382249,0.07311583652675743,0.1,0.03,1e-08,1,1,intergenic_variant,0,0,0,1
JAZF1,94,0.10311583652675743,10.311583652675743,0.1044511950382249,0.07311583652675743,0.1,0.03,1e-08,1,1,intron_variant,0,0,0,1
WDR12,95,0.10311583652675743,10.311583652675743,0.1044511950382249,0.07311583652675743,0.1,0.03,1e-08,1,1,3_prime_UTR_variant,0,0,0,1
SPPL2A,96,0.10311583652675743,10.311583652675743,0.1044511950382249,0.07311583652675743,0.1,0.03,1e-08,1,1,intron_variant,0,0,0,1
LINC00917,97,0.10311583652675743,10.311583652675743,0.1044511950382249,0.07311583652675743,0.1,0.03,1e-08,1,1,intergenic_variant,0,0,0,1
RN7SL354P,98,0.10311583652675743,10.311583652675743,0.1044511950382249,0.07311583652675743,0.1,0.03,1e-08,1,1,intron_variant,0,0,0,1
DEDD,99,0.10177391877589415,10.177391877589415,0.1025341696798488,0.07177391877589415,0.1,0.03,2e-08,1,1,intron_variant,0,0,0,1
IGHG1,100,0.10177391877589415,10.177391877589415,0.1025341696798488,0.07177391877589415,0.1,0.03,2e-08,1,1,downstream_gene_variant,0,0,0,1
TREML2,101,0.10177391877589415,10.177391877589415,0.1025341696798488,0.07177391877589415,0.1,0.03,2e-08,1,1,intron_variant,0,0,0,1
IGHG3,102,0.10177391877589415,10.177391877589415,0.1025341696798488,0.07177391877589415,0.1,0.03,2e-08,1,1,downstream_gene_variant,0,0,0,1
UFC1,103,0.10177391877589415,10.177391877589415,0.1025341696798488,0.07177391877589415,0.1,0.03,2e-08,1,1,intron_variant,0,0,0,1
RBCK1,104,0.10177391877589415,10.177391877589415,0.1025341696798488,0.07177391877589415,0.1,0.03,2e-08,1,1,intron_variant,0,0,0,1
ADAM17,105,0.1009889472125871,10.09889472125871,0.1014127817322673,0.0709889472125871,0.1,0.03,3.0000000000000004e-08,1,1,intron_variant,0,0,0,1
YWHAQ,106,0.1009889472125871,10.09889472125871,0.1014127817322673,0.0709889472125871,0.1,0.03,3.0000000000000004e-08,1,1,intron_variant,0,0,0,1
MAF,107,0.1009889472125871,10.09889472125871,0.1014127817322673,0.0709889472125871,0.1,0.03,3.0000000000000004e-08,1,1,intergenic_variant,0,0,0,1
RNA5SP431,108,0.1009889472125871,10.09889472125871,0.1014127817322673,0.0709889472125871,0.1,0.03,3.0000000000000004e-08,1,1,intergenic_variant,0,0,0,1
QKILA,109,0.10043200102503089,10.04320010250309,0.1006171443214727,0.07043200102503089,0.1,0.03,4e-08,1,1,intron_variant,0,0,0,1
SETD7,110,0.10043200102503089,10.04320010250309,0.1006171443214727,0.07043200102503089,0.1,0.03,4e-08,1,1,intron_variant,0,0,0,1
TNFSF13,111,0.03,3.0,0.0,0.0,0.1,0.03,5e-08,1,0,3_prime_UTR_variant,0,0,0,1
TNFSF12-TNFSF13,112,0.03,3.0,0.0,0.0,0.1,0.03,5e-08,1,0,3_prime_UTR_variant,0,0,0,1
