gene,variant,p_value,trait,study,pubmed_id,author,significance_class,minus_log10_p,most_severe_consequence,functional_impact,annotation_count
ARHGAP45,rs112131072,2e-09,Alzheimer's disease,GCST90027158,35379992,Bellenguez C,genome_wide_significant,8.698970004336019,splice_donor_variant,HIGH,26
TNFSF12-TNFSF13,rs58840546,5e-08,Alzheimer's disease,GCST90027158,35379992,Bellenguez C,suggestive,7.301029995663981,3_prime_UTR_variant,MODIFIER,54
TNFSF13,rs58840546,5e-08,Alzheimer's disease,GCST90027158,35379992,Bellenguez C,suggestive,7.301029995663981,3_prime_UTR_variant,MODIFIER,54
ATP8B4,rs138799625,1e-09,Alzheimer's disease,GCST90027158,35379992,Bellenguez C,genome_wide_significant,9.0,missense_variant,MODERATE,13
NDUFAF6,rs13276936,2e-09,Alzheimer's disease,GCST90027158,35379992,Bellenguez C,genome_wide_significant,8.698970004336019,intron_variant,MODIFIER,18
QKILA,rs535347112,4e-08,Alzheimer's disease,GCST90027158,35379992,Bellenguez C,genome_wide_significant,7.397940008672037,intron_variant,MODIFIER,9
SETD7,rs535347112,4e-08,Alzheimer's disease,GCST90027158,35379992,Bellenguez C,genome_wide_significant,7.397940008672037,intron_variant,MODIFIER,9
DEDD,rs11591206,2e-08,Alzheimer's disease,GCST90027158,35379992,Bellenguez C,genome_wide_significant,7.698970004336019,intron_variant,MODIFIER,4
UFC1,rs11591206,2e-08,Alzheimer's disease,GCST90027158,35379992,Bellenguez C,genome_wide_significant,7.698970004336019,intron_variant,MODIFIER,4
ADAMTS1,rs2830489,2e-10,Alzheimer's disease,GCST90027158,35379992,Bellenguez C,genome_wide_significant,9.69897000433602,intergenic_variant,MODIFIER,1
CYYR1,rs2830489,2e-10,Alzheimer's disease,GCST90027158,35379992,Bellenguez C,genome_wide_significant,9.69897000433602,intergenic_variant,MODIFIER,1
APP,rs2154481,1e-12,Alzheimer's disease,GCST90027158,35379992,Bellenguez C,genome_wide_significant,12.0,intron_variant,MODIFIER,54
SLC2A4RG,rs6742,3e-09,Alzheimer's disease,GCST90027158,35379992,Bellenguez C,genome_wide_significant,8.522878745280337,3_prime_UTR_variant,MODIFIER,64
CASS4,rs6014724,4e-21,Alzheimer's disease,GCST90027158,35379992,Bellenguez C,genome_wide_significant,20.39794000867204,intron_variant,MODIFIER,10
RBCK1,rs1358782,2e-08,Alzheimer's disease,GCST90027158,35379992,Bellenguez C,genome_wide_significant,7.698970004336019,intron_variant,MODIFIER,56
LILRB2,rs587709,4e-11,Alzheimer's disease,GCST90027158,35379992,Bellenguez C,genome_wide_significant,10.397940008672036,intron_variant,MODIFIER,18
RNU6-1307P,rs587709,4e-11,Alzheimer's disease,GCST90027158,35379992,Bellenguez C,genome_wide_significant,10.397940008672036,intron_variant,MODIFIER,18
SIGLEC11,rs9304690,5e-09,Alzheimer's disease,GCST90027158,35379992,Bellenguez C,genome_wide_significant,8.301029995663981,synonymous_variant,LOW,12
KLF16,rs149080927,5e-10,Alzheimer's disease,GCST90027158,35379992,Bellenguez C,genome_wide_significant,9.30102999566398,3_prime_UTR_variant,MODIFIER,6
ABCA7,rs12151021,2e-37,Alzheimer's disease,GCST90027158,35379992,Bellenguez C,genome_wide_significant,36.69897000433602,intron_variant,MODIFIER,5
CYB561,rs4277405,8.999999999999999e-20,Alzheimer's disease,GCST90027158,35379992,Bellenguez C,genome_wide_significant,19.045757490560675,upstream_gene_variant,MODIFIER,1
PPIAP55,rs4277405,8.999999999999999e-20,Alzheimer's disease,GCST90027158,35379992,Bellenguez C,genome_wide_significant,19.045757490560675,upstream_gene_variant,MODIFIER,1
TSPOAP1-AS1,rs2526377,2e-12,Alzheimer's disease,GCST90027158,35379992,Bellenguez C,genome_wide_significant,11.69897000433602,intron_variant,MODIFIER,31
ABI3,rs616338,3e-14,Alzheimer's disease,GCST90027158,35379992,Bellenguez C,genome_wide_significant,13.522878745280336,missense_variant,MODERATE,27
WNT3,rs199515,9e-13,Alzheimer's disease,GCST90027158,35379992,Bellenguez C,genome_wide_significant,12.045757490560677,intron_variant,MODIFIER,11
GRN,rs5848,2e-20,Alzheimer's disease,GCST90027158,35379992,Bellenguez C,genome_wide_significant,19.69897000433602,3_prime_UTR_variant,MODIFIER,57
MYO15A,rs2242595,1e-09,Alzheimer's disease,GCST90027158,35379992,Bellenguez C,genome_wide_significant,9.0,non_coding_transcript_exon_variant,MODIFIER,17
SCIMP,rs7225151,4e-13,Alzheimer's disease,GCST90027158,35379992,Bellenguez C,genome_wide_significant,12.397940008672036,intron_variant,MODIFIER,22
ZNF594-DT,rs7225151,4e-13,Alzheimer's disease,GCST90027158,35379992,Bellenguez C,genome_wide_significant,12.397940008672036,intron_variant,MODIFIER,22
WDR81,rs35048651,8e-11,Alzheimer's disease,GCST90027158,35379992,Bellenguez C,genome_wide_significant,10.096910013008056,inframe_insertion,MODERATE,40
WDR81-AS1,rs35048651,8e-11,Alzheimer's disease,GCST90027158,35379992,Bellenguez C,genome_wide_significant,10.096910013008056,inframe_insertion,MODERATE,40
FAM157C,rs56407236,6.000000000000001e-15,Alzheimer's disease,GCST90027158,35379992,Bellenguez C,genome_wide_significant,14.221848749616356,non_coding_transcript_exon_variant,MODIFIER,35
FENDRR,rs16941239,1e-08,Alzheimer's disease,GCST90027158,35379992,Bellenguez C,genome_wide_significant,8.0,intergenic_variant,MODIFIER,1
LINC00917,rs16941239,1e-08,Alzheimer's disease,GCST90027158,35379992,Bellenguez C,genome_wide_significant,8.0,intergenic_variant,MODIFIER,1
PLCG2,rs72824905,8e-12,Alzheimer's disease,GCST90027158,35379992,Bellenguez C,genome_wide_significant,11.096910013008056,missense_variant,MODERATE,30
PLCG2,rs12446759,1e-13,Alzheimer's disease,GCST90027158,35379992,Bellenguez C,genome_wide_significant,13.0,non_coding_transcript_exon_variant,MODIFIER,14
MAF,rs450674,3.0000000000000004e-08,Alzheimer's disease,GCST90027158,35379992,Bellenguez C,genome_wide_significant,7.522878745280337,intergenic_variant,MODIFIER,1
RNA5SP431,rs450674,3.0000000000000004e-08,Alzheimer's disease,GCST90027158,35379992,Bellenguez C,genome_wide_significant,7.522878745280337,intergenic_variant,MODIFIER,1
IL34,rs4985556,6e-10,Alzheimer's disease,GCST90027158,35379992,Bellenguez C,genome_wide_significant,9.221848749616356,stop_gained,HIGH,37
BCKDK,rs889555,2e-11,Alzheimer's disease,GCST90027158,35379992,Bellenguez C,genome_wide_significant,10.69897000433602,intron_variant,MODIFIER,41
DOC2A,rs1140239,3.0000000000000014e-13,Alzheimer's disease,GCST90027158,35379992,Bellenguez C,genome_wide_significant,12.522878745280336,missense_variant,MODERATE,95
CTSH,rs12592898,4e-09,Alzheimer's disease,GCST90027158,35379992,Bellenguez C,genome_wide_significant,8.397940008672037,intron_variant,MODIFIER,103
SNX1,rs3848143,8e-11,Alzheimer's disease,GCST90027158,35379992,Bellenguez C,genome_wide_significant,10.096910013008056,intron_variant,MODIFIER,50
APH1B,rs117618017,2e-25,Alzheimer's disease,GCST90027158,35379992,Bellenguez C,genome_wide_significant,24.69897000433602,missense_variant,MODERATE,16
MINDY2-DT,rs602602,2e-15,Alzheimer's disease,GCST90027158,35379992,Bellenguez C,genome_wide_significant,14.69897000433602,intron_variant,MODIFIER,11
RN7SL354P,rs8025980,1e-08,Alzheimer's disease,GCST90027158,35379992,Bellenguez C,genome_wide_significant,8.0,intron_variant,MODIFIER,18
SPPL2A,rs8025980,1e-08,Alzheimer's disease,GCST90027158,35379992,Bellenguez C,genome_wide_significant,8.0,intron_variant,MODIFIER,18
IGHV3-64,rs10131280,4e-10,Alzheimer's disease,GCST90027158,35379992,Bellenguez C,genome_wide_significant,9.397940008672036,downstream_gene_variant,MODIFIER,2
IGHV3-65,rs10131280,4e-10,Alzheimer's disease,GCST90027158,35379992,Bellenguez C,genome_wide_significant,9.397940008672036,downstream_gene_variant,MODIFIER,2
IGHG1,rs7157106,2e-08,Alzheimer's disease,GCST90027158,35379992,Bellenguez C,genome_wide_significant,7.698970004336019,downstream_gene_variant,MODIFIER,2
IGHG3,rs7157106,2e-08,Alzheimer's disease,GCST90027158,35379992,Bellenguez C,genome_wide_significant,7.698970004336019,downstream_gene_variant,MODIFIER,2
SLC24A4,rs12590654,4e-21,Alzheimer's disease,GCST90027158,35379992,Bellenguez C,genome_wide_significant,20.39794000867204,intron_variant,MODIFIER,7
SLC24A4,rs7401792,5e-08,Alzheimer's disease,GCST90027158,35379992,Bellenguez C,suggestive,7.301029995663981,intron_variant,MODIFIER,8
FERMT2,rs17125924,8e-16,Alzheimer's disease,GCST90027158,35379992,Bellenguez C,genome_wide_significant,15.096910013008056,intron_variant,MODIFIER,38
TPCN1,rs6489896,2e-09,Alzheimer's disease,GCST90027158,35379992,Bellenguez C,genome_wide_significant,8.698970004336019,intron_variant,MODIFIER,47
SORL1,rs11218343,1e-21,Alzheimer's disease,GCST90027158,35379992,Bellenguez C,genome_wide_significant,21.0,intron_variant,MODIFIER,11
SORL1,rs74685827,3e-11,Alzheimer's disease,GCST90027158,35379992,Bellenguez C,genome_wide_significant,10.522878745280336,intron_variant,MODIFIER,13
LINC02695,rs3851179,3e-48,Alzheimer's disease,GCST90027158,35379992,Bellenguez C,genome_wide_significant,47.52287874528034,downstream_gene_variant,MODIFIER,1
RNU6-560P,rs3851179,3e-48,Alzheimer's disease,GCST90027158,35379992,Bellenguez C,genome_wide_significant,47.52287874528034,downstream_gene_variant,MODIFIER,1
MS4A4A,rs1582763,4e-42,Alzheimer's disease,GCST90027158,35379992,Bellenguez C,genome_wide_significant,41.39794000867204,intron_variant,MODIFIER,10
SPI1,rs10437655,5e-14,Alzheimer's disease,GCST90027158,35379992,Bellenguez C,genome_wide_significant,13.30102999566398,intron_variant,MODIFIER,11
PLEKHA1,rs7908662,3e-09,Alzheimer's disease,GCST90027158,35379992,Bellenguez C,genome_wide_significant,8.522878745280337,intron_variant,MODIFIER,64
BLNK,rs6584063,6.999999999999999e-11,Alzheimer's disease,GCST90027158,35379992,Bellenguez C,genome_wide_significant,10.154901959985745,intron_variant,MODIFIER,32
TSPAN14,rs6586028,2e-19,Alzheimer's disease,GCST90027158,35379992,Bellenguez C,genome_wide_significant,18.69897000433602,intron_variant,MODIFIER,81
ANK3,rs7068231,3.0000000000000014e-13,Alzheimer's disease,GCST90027158,35379992,Bellenguez C,genome_wide_significant,12.522878745280336,intron_variant,MODIFIER,12
LINC01553,rs7068231,3.0000000000000014e-13,Alzheimer's disease,GCST90027158,35379992,Bellenguez C,genome_wide_significant,12.522878745280336,intron_variant,MODIFIER,12
ECHDC3,rs7912495,1e-18,Alzheimer's disease,GCST90027158,35379992,Bellenguez C,genome_wide_significant,18.0,intron_variant,MODIFIER,11
USP6NL-AS1,rs7912495,1e-18,Alzheimer's disease,GCST90027158,35379992,Bellenguez C,genome_wide_significant,18.0,intron_variant,MODIFIER,11
ABCA1,rs1800978,2e-09,Alzheimer's disease,GCST90027158,35379992,Bellenguez C,genome_wide_significant,8.698970004336019,5_prime_UTR_variant,MODIFIER,26
MAF1,rs34173062,2e-16,Alzheimer's disease,GCST90027158,35379992,Bellenguez C,genome_wide_significant,15.69897000433602,missense_variant,MODERATE,93
SHARPIN,rs34173062,2e-16,Alzheimer's disease,GCST90027158,35379992,Bellenguez C,genome_wide_significant,15.69897000433602,missense_variant,MODERATE,93
CLU,rs11787077,2e-44,Alzheimer's disease,GCST90027158,35379992,Bellenguez C,genome_wide_significant,43.69897000433602,intron_variant,MODIFIER,95
PTK2B,rs73223431,4e-22,Alzheimer's disease,GCST90027158,35379992,Bellenguez C,genome_wide_significant,21.39794000867204,intron_variant,MODIFIER,37
CTSB,rs1065712,2e-09,Alzheimer's disease,GCST90027158,35379992,Bellenguez C,genome_wide_significant,8.698970004336019,3_prime_UTR_variant,MODIFIER,285
EPHA1-AS1,rs11771145,3e-14,Alzheimer's disease,GCST90027158,35379992,Bellenguez C,genome_wide_significant,13.522878745280336,intron_variant,MODIFIER,35
PMS2P1,rs7384878,9.999999999999999e-27,Alzheimer's disease,GCST90027158,35379992,Bellenguez C,genome_wide_significant,26.0,intron_variant,MODIFIER,365
EGFR,rs76928645,2e-10,Alzheimer's disease,GCST90027158,35379992,Bellenguez C,genome_wide_significant,9.69897000433602,intron_variant,MODIFIER,3
SEC61G-DT,rs76928645,2e-10,Alzheimer's disease,GCST90027158,35379992,Bellenguez C,genome_wide_significant,9.69897000433602,intron_variant,MODIFIER,3
GPR141,rs6966331,5e-10,Alzheimer's disease,GCST90027158,35379992,Bellenguez C,genome_wide_significant,9.30102999566398,upstream_gene_variant,MODIFIER,4
NME8,rs6966331,5e-10,Alzheimer's disease,GCST90027158,35379992,Bellenguez C,genome_wide_significant,9.30102999566398,upstream_gene_variant,MODIFIER,4
JAZF1,rs1160871,1e-08,Alzheimer's disease,GCST90027158,35379992,Bellenguez C,genome_wide_significant,8.0,intron_variant,MODIFIER,13
TMEM106B,rs13237518,5e-11,Alzheimer's disease,GCST90027158,35379992,Bellenguez C,genome_wide_significant,10.30102999566398,3_prime_UTR_variant,MODIFIER,27
ICA1,rs10952097,7.000000000000001e-09,Alzheimer's disease,GCST90027158,35379992,Bellenguez C,genome_wide_significant,8.154901959985743,intron_variant,MODIFIER,72
UMAD1,rs6943429,1e-10,Alzheimer's disease,GCST90027158,35379992,Bellenguez C,genome_wide_significant,10.0,intron_variant,MODIFIER,20
HDAC2-AS2,rs785129,2e-09,Alzheimer's disease,GCST90027158,35379992,Bellenguez C,genome_wide_significant,8.698970004336019,intron_variant,MODIFIER,15
HS3ST5,rs785129,2e-09,Alzheimer's disease,GCST90027158,35379992,Bellenguez C,genome_wide_significant,8.698970004336019,intron_variant,MODIFIER,15
CD2AP,rs7767350,8e-22,Alzheimer's disease,GCST90027158,35379992,Bellenguez C,genome_wide_significant,21.096910013008056,intron_variant,MODIFIER,20
TREM2,rs60755019,2e-08,Alzheimer's disease,GCST90027158,35379992,Bellenguez C,genome_wide_significant,7.698970004336019,intron_variant,MODIFIER,4
TREML2,rs60755019,2e-08,Alzheimer's disease,GCST90027158,35379992,Bellenguez C,genome_wide_significant,7.698970004336019,intron_variant,MODIFIER,4
TREM2,rs75932628,3e-37,Alzheimer's disease,GCST90027158,35379992,Bellenguez C,genome_wide_significant,36.52287874528034,missense_variant,MODERATE,12
TREM2,rs143332484,3e-25,Alzheimer's disease,GCST90027158,35379992,Bellenguez C,genome_wide_significant,24.522878745280337,missense_variant,MODERATE,12
OARD1,rs10947943,1e-09,Alzheimer's disease,GCST90027158,35379992,Bellenguez C,genome_wide_significant,9.0,intron_variant,MODIFIER,9
UNC5CL,rs10947943,1e-09,Alzheimer's disease,GCST90027158,35379992,Bellenguez C,genome_wide_significant,9.0,intron_variant,MODIFIER,9
HLA-DQA1,rs6605556,7e-20,Alzheimer's disease,GCST90027158,35379992,Bellenguez C,genome_wide_significant,19.154901959985743,downstream_gene_variant,MODIFIER,2
HLA-DRB1,rs6605556,7e-20,Alzheimer's disease,GCST90027158,35379992,Bellenguez C,genome_wide_significant,19.154901959985743,downstream_gene_variant,MODIFIER,2
RASGEF1C,rs113706587,2e-16,Alzheimer's disease,GCST90027158,35379992,Bellenguez C,genome_wide_significant,15.69897000433602,intron_variant,MODIFIER,7
TNIP1,rs871269,9.000000000000001e-09,Alzheimer's disease,GCST90027158,35379992,Bellenguez C,genome_wide_significant,8.045757490560675,intron_variant,MODIFIER,74
LINC02059,rs62374257,1e-15,Alzheimer's disease,GCST90027158,35379992,Bellenguez C,genome_wide_significant,15.0,intron_variant,MODIFIER,1
MIR4280HG,rs62374257,1e-15,Alzheimer's disease,GCST90027158,35379992,Bellenguez C,genome_wide_significant,15.0,intron_variant,MODIFIER,1
ANKH,rs112403360,2e-09,Alzheimer's disease,GCST90027158,35379992,Bellenguez C,genome_wide_significant,8.698970004336019,splice_polypyrimidine_tract_variant,LOW,20
RHOH,rs2245466,1e-09,Alzheimer's disease,GCST90027158,35379992,Bellenguez C,genome_wide_significant,9.0,5_prime_UTR_variant,MODIFIER,25
LINC02498,rs6846529,2e-17,Alzheimer's disease,GCST90027158,35379992,Bellenguez C,genome_wide_significant,16.69897000433602,intergenic_variant,MODIFIER,1
MIR572,rs6846529,2e-17,Alzheimer's disease,GCST90027158,35379992,Bellenguez C,genome_wide_significant,16.69897000433602,intergenic_variant,MODIFIER,1
IDUA,rs3822030,8e-12,Alzheimer's disease,GCST90027158,35379992,Bellenguez C,genome_wide_significant,11.096910013008056,5_prime_UTR_variant,MODIFIER,32
SLC26A1,rs3822030,8e-12,Alzheimer's disease,GCST90027158,35379992,Bellenguez C,genome_wide_significant,11.096910013008056,5_prime_UTR_variant,MODIFIER,32
MME,rs61762319,2e-11,Alzheimer's disease,GCST90027158,35379992,Bellenguez C,genome_wide_significant,10.69897000433602,missense_variant,MODERATE,32
MME,rs16824536,4e-08,Alzheimer's disease,GCST90027158,35379992,Bellenguez C,genome_wide_significant,7.397940008672037,intron_variant,MODIFIER,1
INPP5D,rs10933431,4e-18,Alzheimer's disease,GCST90027158,35379992,Bellenguez C,genome_wide_significant,17.397940008672037,intron_variant,MODIFIER,11
WDR12,rs139643391,1e-08,Alzheimer's disease,GCST90027158,35379992,Bellenguez C,genome_wide_significant,8.0,3_prime_UTR_variant,MODIFIER,20
BIN1,rs6733839,6e-118,Alzheimer's disease,GCST90027158,35379992,Bellenguez C,genome_wide_significant,117.22184874961636,intron_variant,MODIFIER,1
NIFKP9,rs6733839,6e-118,Alzheimer's disease,GCST90027158,35379992,Bellenguez C,genome_wide_significant,117.22184874961636,intron_variant,MODIFIER,1
NCK2,rs143080277,2e-13,Alzheimer's disease,GCST90027158,35379992,Bellenguez C,genome_wide_significant,12.69897000433602,intron_variant,MODIFIER,33
PRKD3,rs17020490,3e-09,Alzheimer's disease,GCST90027158,35379992,Bellenguez C,genome_wide_significant,8.522878745280337,intron_variant,MODIFIER,25
ADAM17,rs72777026,3.0000000000000004e-08,Alzheimer's disease,GCST90027158,35379992,Bellenguez C,genome_wide_significant,7.522878745280337,intron_variant,MODIFIER,45
YWHAQ,rs72777026,3.0000000000000004e-08,Alzheimer's disease,GCST90027158,35379992,Bellenguez C,genome_wide_significant,7.522878745280337,intron_variant,MODIFIER,45
CR1,rs679515,7e-46,Alzheimer's disease,GCST90027158,35379992,Bellenguez C,genome_wide_significant,45.15490195998574,intron_variant,MODIFIER,12
CR1-AS1,rs679515,7e-46,Alzheimer's disease,GCST90027158,35379992,Bellenguez C,genome_wide_significant,45.15490195998574,intron_variant,MODIFIER,12
SORT1,rs141749679,8e-09,Alzheimer's disease,GCST90027158,35379992,Bellenguez C,genome_wide_significant,8.096910013008056,missense_variant,MODERATE,32
