gene,best_p_value,significant_variants,gwas_strength,gwas_score
BIN1,6e-118,1,117.22184874961636,1.0
NIFKP9,6e-118,1,117.22184874961636,1.0
LINC02695,3e-48,1,47.52287874528034,0.3659165679947241
RNU6-560P,3e-48,1,47.52287874528034,0.3659165679947241
CR1-AS1,7e-46,1,45.15490195998574,0.3443739993335945
CR1,7e-46,1,45.15490195998574,0.3443739993335945
CLU,2e-44,1,43.69897000433602,0.33112871993926346
MS4A4A,3.9999999999999995e-42,1,41.39794000867204,0.31019519686558056
ABCA7,2e-37,1,36.69897000433602,0.2674465159732536
TREM2,3e-37,3,36.52287874528034,0.26584453319099427
PMS2P1,9.999999999999999e-27,1,26.0,0.17011308882434673
APH1B,1.9999999999999998e-25,1,24.69897000433602,0.15827702346009379
PTK2B,4e-22,1,21.397940008672037,0.12824604267698086
CD2AP,8e-22,1,21.096910013008056,0.12550743502215791
SORL1,1e-21,2,21.0,0.12462580027719682
CASS4,4e-21,1,20.397940008672037,0.11914858496755089
SLC24A4,4e-21,2,20.397940008672037,0.11914858496755089
GRN,2e-20,1,19.69897000433602,0.11278973491294388
HLA-DRB1,7e-20,1,19.154901959985743,0.10784009888841496
HLA-DQA1,7e-20,1,19.154901959985743,0.10784009888841496
PPIAP55,8.999999999999999e-20,1,19.045757490560675,0.10684716169360223
CYB561,8.999999999999999e-20,1,19.045757490560675,0.10684716169360223
TSPAN14,2e-19,1,18.69897000433602,0.10369227720351389
USP6NL-AS1,1e-18,1,18.0,0.09733342714890686
ECHDC3,1e-18,1,18.0,0.09733342714890686
INPP5D,4e-18,1,17.397940008672037,0.09185621183926095
LINC02498,2e-17,1,16.69897000433602,0.08549736178465392
MIR572,2e-17,1,16.69897000433602,0.08549736178465392
MAF1,2e-16,1,15.698970004336019,0.07639990407522393
RASGEF1C,2e-16,1,15.698970004336019,0.07639990407522393
SHARPIN,2e-16,1,15.698970004336019,0.07639990407522393
FERMT2,8e-16,1,15.096910013008056,0.07092268876557802
MIR4280HG,1e-15,1,15.0,0.07004105402061692
LINC02059,1e-15,1,15.0,0.07004105402061692
MINDY2-DT,2e-15,1,14.698970004336019,0.06730244636579395
FAM157C,6.000000000000001e-15,1,14.221848749616356,0.06296185592871165
ABI3,3e-14,1,13.522878745280337,0.05660300587410463
EPHA1-AS1,3e-14,1,13.522878745280337,0.05660300587410463
SPI1,5e-14,1,13.301029995663981,0.05458474625657991
PLCG2,1e-13,2,13.0,0.05184613860175694
NCK2,2e-13,1,12.698970004336019,0.04910753094693398
LINC01553,3.000000000000001e-13,1,12.522878745280337,0.047505548164674644
DOC2A,3.000000000000001e-13,1,12.522878745280337,0.047505548164674644
ANK3,3.000000000000001e-13,1,12.522878745280337,0.047505548164674644
ZNF594-DT,4e-13,1,12.397940008672037,0.04636892329211102
SCIMP,4e-13,1,12.397940008672037,0.04636892329211102
WNT3,9e-13,1,12.045757490560675,0.04316495772759234
APP,1e-12,1,12.0,0.04274868089232696
TSPOAP1-AS1,2e-12,1,11.698970004336019,0.040010073237503996
SLC26A1,8e-12,1,11.096910013008056,0.034532857927858075
IDUA,8e-12,1,11.096910013008056,0.034532857927858075
BCKDK,2e-11,1,10.698970004336019,0.030912615528074013
MME,2e-11,2,10.698970004336019,0.030912615528074013
LILRB2,4e-11,1,10.397940008672037,0.028174007873251052
RNU6-1307P,4e-11,1,10.397940008672037,0.028174007873251052
TMEM106B,5e-11,1,10.301029995663981,0.027292373128289953
BLNK,6.999999999999999e-11,1,10.154901959985743,0.025962979503545106
WDR81-AS1,8e-11,1,10.096910013008056,0.025435400218428092
SNX1,8e-11,1,10.096910013008056,0.025435400218428092
WDR81,8e-11,1,10.096910013008056,0.025435400218428092
UMAD1,1e-10,1,10.0,0.02455376547346699
SEC61G-DT,2e-10,1,9.698970004336019,0.02181515781864403
ADAMTS1,2e-10,1,9.698970004336019,0.02181515781864403
CYYR1,2e-10,1,9.698970004336019,0.02181515781864403
EGFR,2e-10,1,9.698970004336019,0.02181515781864403
IGHV3-64,4e-10,1,9.397940008672037,0.01907655016382107
IGHV3-65,4e-10,1,9.397940008672037,0.01907655016382107
GPR141,5e-10,1,9.301029995663981,0.018194915418859967
KLF16,5e-10,1,9.301029995663981,0.018194915418859967
NME8,5e-10,1,9.301029995663981,0.018194915418859967
IL34,6e-10,1,9.221848749616356,0.01747456738156173
UNC5CL,1e-09,1,9.0,0.015456307764037006
RHOH,1e-09,1,9.0,0.015456307764037006
MYO15A,1e-09,1,9.0,0.015456307764037006
ATP8B4,1e-09,1,9.0,0.015456307764037006
OARD1,1e-09,1,9.0,0.015456307764037006
ABCA1,2e-09,1,8.698970004336019,0.012717700109214046
ANKH,2e-09,1,8.698970004336019,0.012717700109214046
ARHGAP45,2e-09,1,8.698970004336019,0.012717700109214046
HDAC2-AS2,2e-09,1,8.698970004336019,0.012717700109214046
CTSB,2e-09,1,8.698970004336019,0.012717700109214046
HS3ST5,2e-09,1,8.698970004336019,0.012717700109214046
NDUFAF6,2e-09,1,8.698970004336019,0.012717700109214046
TPCN1,2e-09,1,8.698970004336019,0.012717700109214046
SLC2A4RG,3e-09,1,8.522878745280337,0.011115717326954705
PRKD3,3e-09,1,8.522878745280337,0.011115717326954705
PLEKHA1,3e-09,1,8.522878745280337,0.011115717326954705
CTSH,4e-09,1,8.397940008672037,0.009979092454391086
SIGLEC11,5e-09,1,8.301029995663981,0.009097457709429983
ICA1,7.0000000000000015e-09,1,8.154901959985743,0.007768064084685136
SORT1,8e-09,1,8.096910013008056,0.0072404847995681245
TNIP1,9.000000000000001e-09,1,8.045757490560675,0.0067751268898724034
FENDRR,1e-08,1,8.0,0.006358850054607023
JAZF1,1e-08,1,8.0,0.006358850054607023
WDR12,1e-08,1,8.0,0.006358850054607023
SPPL2A,1e-08,1,8.0,0.006358850054607023
LINC00917,1e-08,1,8.0,0.006358850054607023
RN7SL354P,1e-08,1,8.0,0.006358850054607023
DEDD,2e-08,1,7.698970004336019,0.0036202423997840623
IGHG1,2e-08,1,7.698970004336019,0.0036202423997840623
TREML2,2e-08,1,7.698970004336019,0.0036202423997840623
IGHG3,2e-08,1,7.698970004336019,0.0036202423997840623
UFC1,2e-08,1,7.698970004336019,0.0036202423997840623
RBCK1,2e-08,1,7.698970004336019,0.0036202423997840623
ADAM17,3.0000000000000004e-08,1,7.522878745280337,0.0020182596175247216
YWHAQ,3.0000000000000004e-08,1,7.522878745280337,0.0020182596175247216
MAF,3.0000000000000004e-08,1,7.522878745280337,0.0020182596175247216
RNA5SP431,3.0000000000000004e-08,1,7.522878745280337,0.0020182596175247216
QKILA,4e-08,1,7.3979400086720375,0.0008816347449611012
SETD7,4e-08,1,7.3979400086720375,0.0008816347449611012
TNFSF13,5e-08,1,7.301029995663981,0.0
TNFSF12-TNFSF13,5e-08,1,7.301029995663981,0.0
