variant,most_severe_consequence,functional_impact,annotation_count
rs10131280,downstream_gene_variant,MODIFIER,2
rs10437655,intron_variant,MODIFIER,11
rs1065712,3_prime_UTR_variant,MODIFIER,285
rs10933431,intron_variant,MODIFIER,11
rs10947943,intron_variant,MODIFIER,9
rs10952097,intron_variant,MODIFIER,72
rs112131072,splice_donor_variant,HIGH,26
rs11218343,intron_variant,MODIFIER,11
rs112403360,splice_polypyrimidine_tract_variant,LOW,20
rs113706587,intron_variant,MODIFIER,7
rs1140239,missense_variant,MODERATE,95
rs11591206,intron_variant,MODIFIER,4
rs1160871,intron_variant,MODIFIER,13
rs117618017,missense_variant,MODERATE,16
rs11771145,intron_variant,MODIFIER,35
rs11787077,intron_variant,MODIFIER,95
rs12151021,intron_variant,MODIFIER,5
rs12446759,non_coding_transcript_exon_variant,MODIFIER,14
rs12590654,intron_variant,MODIFIER,7
rs12592898,intron_variant,MODIFIER,103
rs13237518,3_prime_UTR_variant,MODIFIER,27
rs13276936,intron_variant,MODIFIER,18
rs1358782,intron_variant,MODIFIER,56
rs138799625,missense_variant,MODERATE,13
rs139643391,3_prime_UTR_variant,MODIFIER,20
rs141749679,missense_variant,MODERATE,32
rs143080277,intron_variant,MODIFIER,33
rs143332484,missense_variant,MODERATE,12
rs149080927,3_prime_UTR_variant,MODIFIER,6
rs1582763,intron_variant,MODIFIER,10
rs16824536,intron_variant,MODIFIER,1
rs16941239,intergenic_variant,MODIFIER,1
rs17020490,intron_variant,MODIFIER,25
rs17125924,intron_variant,MODIFIER,38
rs1800978,5_prime_UTR_variant,MODIFIER,26
rs199515,intron_variant,MODIFIER,11
rs2154481,intron_variant,MODIFIER,54
rs2242595,non_coding_transcript_exon_variant,MODIFIER,17
rs2245466,5_prime_UTR_variant,MODIFIER,25
rs2526377,intron_variant,MODIFIER,31
rs2830489,intergenic_variant,MODIFIER,1
rs34173062,missense_variant,MODERATE,93
rs35048651,inframe_insertion,MODERATE,40
rs3822030,5_prime_UTR_variant,MODIFIER,32
rs3848143,intron_variant,MODIFIER,50
rs3851179,downstream_gene_variant,MODIFIER,1
rs4277405,upstream_gene_variant,MODIFIER,1
rs450674,intergenic_variant,MODIFIER,1
rs4985556,stop_gained,HIGH,37
rs535347112,intron_variant,MODIFIER,9
rs56407236,non_coding_transcript_exon_variant,MODIFIER,35
rs5848,3_prime_UTR_variant,MODIFIER,57
rs587709,intron_variant,MODIFIER,18
rs58840546,3_prime_UTR_variant,MODIFIER,54
rs6014724,intron_variant,MODIFIER,10
rs602602,intron_variant,MODIFIER,11
rs60755019,intron_variant,MODIFIER,4
rs616338,missense_variant,MODERATE,27
rs61762319,missense_variant,MODERATE,32
rs62374257,intron_variant,MODIFIER,1
rs6489896,intron_variant,MODIFIER,47
rs6584063,intron_variant,MODIFIER,32
rs6586028,intron_variant,MODIFIER,81
rs6605556,downstream_gene_variant,MODIFIER,2
rs6733839,intron_variant,MODIFIER,1
rs6742,3_prime_UTR_variant,MODIFIER,64
rs679515,intron_variant,MODIFIER,12
rs6846529,intergenic_variant,MODIFIER,1
rs6943429,intron_variant,MODIFIER,20
rs6966331,upstream_gene_variant,MODIFIER,4
rs7068231,intron_variant,MODIFIER,12
rs7157106,downstream_gene_variant,MODIFIER,2
rs7225151,intron_variant,MODIFIER,22
rs72777026,intron_variant,MODIFIER,45
rs72824905,missense_variant,MODERATE,30
rs73223431,intron_variant,MODIFIER,37
rs7384878,intron_variant,MODIFIER,365
rs7401792,intron_variant,MODIFIER,8
rs74685827,intron_variant,MODIFIER,13
rs75932628,missense_variant,MODERATE,12
rs76928645,intron_variant,MODIFIER,3
rs7767350,intron_variant,MODIFIER,20
rs785129,intron_variant,MODIFIER,15
rs7908662,intron_variant,MODIFIER,64
rs7912495,intron_variant,MODIFIER,11
rs8025980,intron_variant,MODIFIER,18
rs871269,intron_variant,MODIFIER,74
rs889555,intron_variant,MODIFIER,41
rs9304690,synonymous_variant,LOW,12
