gene,variant,p_value,trait,study,pubmed_id,author
ARHGAP45,rs112131072,2e-09,Alzheimer's disease,GCST90027158,35379992,Bellenguez C
TNFSF12-TNFSF13,rs58840546,5e-08,Alzheimer's disease,GCST90027158,35379992,Bellenguez C
TNFSF13,rs58840546,5e-08,Alzheimer's disease,GCST90027158,35379992,Bellenguez C
ATP8B4,rs138799625,1e-09,Alzheimer's disease,GCST90027158,35379992,Bellenguez C
NDUFAF6,rs13276936,2e-09,Alzheimer's disease,GCST90027158,35379992,Bellenguez C
QKILA,rs535347112,4e-08,Alzheimer's disease,GCST90027158,35379992,Bellenguez C
SETD7,rs535347112,4e-08,Alzheimer's disease,GCST90027158,35379992,Bellenguez C
DEDD,rs11591206,2e-08,Alzheimer's disease,GCST90027158,35379992,Bellenguez C
UFC1,rs11591206,2e-08,Alzheimer's disease,GCST90027158,35379992,Bellenguez C
ADAMTS1,rs2830489,2e-10,Alzheimer's disease,GCST90027158,35379992,Bellenguez C
CYYR1,rs2830489,2e-10,Alzheimer's disease,GCST90027158,35379992,Bellenguez C
APP,rs2154481,1e-12,Alzheimer's disease,GCST90027158,35379992,Bellenguez C
SLC2A4RG,rs6742,3.0000000000000004e-09,Alzheimer's disease,GCST90027158,35379992,Bellenguez C
CASS4,rs6014724,4e-21,Alzheimer's disease,GCST90027158,35379992,Bellenguez C
RBCK1,rs1358782,2e-08,Alzheimer's disease,GCST90027158,35379992,Bellenguez C
LILRB2,rs587709,4e-11,Alzheimer's disease,GCST90027158,35379992,Bellenguez C
RNU6-1307P,rs587709,4e-11,Alzheimer's disease,GCST90027158,35379992,Bellenguez C
SIGLEC11,rs9304690,5e-09,Alzheimer's disease,GCST90027158,35379992,Bellenguez C
KLF16,rs149080927,5e-10,Alzheimer's disease,GCST90027158,35379992,Bellenguez C
ABCA7,rs12151021,2e-37,Alzheimer's disease,GCST90027158,35379992,Bellenguez C
CYB561,rs4277405,8.999999999999999e-20,Alzheimer's disease,GCST90027158,35379992,Bellenguez C
PPIAP55,rs4277405,8.999999999999999e-20,Alzheimer's disease,GCST90027158,35379992,Bellenguez C
TSPOAP1-AS1,rs2526377,2e-12,Alzheimer's disease,GCST90027158,35379992,Bellenguez C
ABI3,rs616338,3e-14,Alzheimer's disease,GCST90027158,35379992,Bellenguez C
WNT3,rs199515,9e-13,Alzheimer's disease,GCST90027158,35379992,Bellenguez C
GRN,rs5848,2e-20,Alzheimer's disease,GCST90027158,35379992,Bellenguez C
MYO15A,rs2242595,1e-09,Alzheimer's disease,GCST90027158,35379992,Bellenguez C
SCIMP,rs7225151,4e-13,Alzheimer's disease,GCST90027158,35379992,Bellenguez C
ZNF594-DT,rs7225151,4e-13,Alzheimer's disease,GCST90027158,35379992,Bellenguez C
WDR81,rs35048651,8e-11,Alzheimer's disease,GCST90027158,35379992,Bellenguez C
WDR81-AS1,rs35048651,8e-11,Alzheimer's disease,GCST90027158,35379992,Bellenguez C
FAM157C,rs56407236,6.0000000000000005e-15,Alzheimer's disease,GCST90027158,35379992,Bellenguez C
FENDRR,rs16941239,1e-08,Alzheimer's disease,GCST90027158,35379992,Bellenguez C
LINC00917,rs16941239,1e-08,Alzheimer's disease,GCST90027158,35379992,Bellenguez C
PLCG2,rs72824905,8e-12,Alzheimer's disease,GCST90027158,35379992,Bellenguez C
PLCG2,rs12446759,1e-13,Alzheimer's disease,GCST90027158,35379992,Bellenguez C
MAF,rs450674,3.0000000000000004e-08,Alzheimer's disease,GCST90027158,35379992,Bellenguez C
RNA5SP431,rs450674,3.0000000000000004e-08,Alzheimer's disease,GCST90027158,35379992,Bellenguez C
IL34,rs4985556,6e-10,Alzheimer's disease,GCST90027158,35379992,Bellenguez C
BCKDK,rs889555,2e-11,Alzheimer's disease,GCST90027158,35379992,Bellenguez C
DOC2A,rs1140239,3.0000000000000003e-13,Alzheimer's disease,GCST90027158,35379992,Bellenguez C
CTSH,rs12592898,4e-09,Alzheimer's disease,GCST90027158,35379992,Bellenguez C
SNX1,rs3848143,8e-11,Alzheimer's disease,GCST90027158,35379992,Bellenguez C
APH1B,rs117618017,2e-25,Alzheimer's disease,GCST90027158,35379992,Bellenguez C
MINDY2-DT,rs602602,2e-15,Alzheimer's disease,GCST90027158,35379992,Bellenguez C
RN7SL354P,rs8025980,1e-08,Alzheimer's disease,GCST90027158,35379992,Bellenguez C
SPPL2A,rs8025980,1e-08,Alzheimer's disease,GCST90027158,35379992,Bellenguez C
IGHV3-64,rs10131280,4e-10,Alzheimer's disease,GCST90027158,35379992,Bellenguez C
IGHV3-65,rs10131280,4e-10,Alzheimer's disease,GCST90027158,35379992,Bellenguez C
IGHG1,rs7157106,2e-08,Alzheimer's disease,GCST90027158,35379992,Bellenguez C
IGHG3,rs7157106,2e-08,Alzheimer's disease,GCST90027158,35379992,Bellenguez C
SLC24A4,rs12590654,4e-21,Alzheimer's disease,GCST90027158,35379992,Bellenguez C
SLC24A4,rs7401792,5e-08,Alzheimer's disease,GCST90027158,35379992,Bellenguez C
FERMT2,rs17125924,8e-16,Alzheimer's disease,GCST90027158,35379992,Bellenguez C
TPCN1,rs6489896,2e-09,Alzheimer's disease,GCST90027158,35379992,Bellenguez C
SORL1,rs11218343,1e-21,Alzheimer's disease,GCST90027158,35379992,Bellenguez C
SORL1,rs74685827,3e-11,Alzheimer's disease,GCST90027158,35379992,Bellenguez C
LINC02695,rs3851179,3e-48,Alzheimer's disease,GCST90027158,35379992,Bellenguez C
RNU6-560P,rs3851179,3e-48,Alzheimer's disease,GCST90027158,35379992,Bellenguez C
MS4A4A,rs1582763,4e-42,Alzheimer's disease,GCST90027158,35379992,Bellenguez C
SPI1,rs10437655,5e-14,Alzheimer's disease,GCST90027158,35379992,Bellenguez C
PLEKHA1,rs7908662,3.0000000000000004e-09,Alzheimer's disease,GCST90027158,35379992,Bellenguez C
BLNK,rs6584063,6.999999999999999e-11,Alzheimer's disease,GCST90027158,35379992,Bellenguez C
TSPAN14,rs6586028,2e-19,Alzheimer's disease,GCST90027158,35379992,Bellenguez C
ANK3,rs7068231,3.0000000000000003e-13,Alzheimer's disease,GCST90027158,35379992,Bellenguez C
LINC01553,rs7068231,3.0000000000000003e-13,Alzheimer's disease,GCST90027158,35379992,Bellenguez C
ECHDC3,rs7912495,1e-18,Alzheimer's disease,GCST90027158,35379992,Bellenguez C
USP6NL-AS1,rs7912495,1e-18,Alzheimer's disease,GCST90027158,35379992,Bellenguez C
ABCA1,rs1800978,2e-09,Alzheimer's disease,GCST90027158,35379992,Bellenguez C
MAF1,rs34173062,2e-16,Alzheimer's disease,GCST90027158,35379992,Bellenguez C
SHARPIN,rs34173062,2e-16,Alzheimer's disease,GCST90027158,35379992,Bellenguez C
CLU,rs11787077,2e-44,Alzheimer's disease,GCST90027158,35379992,Bellenguez C
PTK2B,rs73223431,4e-22,Alzheimer's disease,GCST90027158,35379992,Bellenguez C
CTSB,rs1065712,2e-09,Alzheimer's disease,GCST90027158,35379992,Bellenguez C
EPHA1-AS1,rs11771145,3e-14,Alzheimer's disease,GCST90027158,35379992,Bellenguez C
PMS2P1,rs7384878,1e-26,Alzheimer's disease,GCST90027158,35379992,Bellenguez C
EGFR,rs76928645,2e-10,Alzheimer's disease,GCST90027158,35379992,Bellenguez C
SEC61G-DT,rs76928645,2e-10,Alzheimer's disease,GCST90027158,35379992,Bellenguez C
GPR141,rs6966331,5e-10,Alzheimer's disease,GCST90027158,35379992,Bellenguez C
NME8,rs6966331,5e-10,Alzheimer's disease,GCST90027158,35379992,Bellenguez C
JAZF1,rs1160871,1e-08,Alzheimer's disease,GCST90027158,35379992,Bellenguez C
TMEM106B,rs13237518,4.9999999999999995e-11,Alzheimer's disease,GCST90027158,35379992,Bellenguez C
ICA1,rs10952097,7.000000000000001e-09,Alzheimer's disease,GCST90027158,35379992,Bellenguez C
UMAD1,rs6943429,1e-10,Alzheimer's disease,GCST90027158,35379992,Bellenguez C
HDAC2-AS2,rs785129,2e-09,Alzheimer's disease,GCST90027158,35379992,Bellenguez C
HS3ST5,rs785129,2e-09,Alzheimer's disease,GCST90027158,35379992,Bellenguez C
CD2AP,rs7767350,8e-22,Alzheimer's disease,GCST90027158,35379992,Bellenguez C
TREM2,rs60755019,2e-08,Alzheimer's disease,GCST90027158,35379992,Bellenguez C
TREML2,rs60755019,2e-08,Alzheimer's disease,GCST90027158,35379992,Bellenguez C
TREM2,rs75932628,3e-37,Alzheimer's disease,GCST90027158,35379992,Bellenguez C
TREM2,rs143332484,3.0000000000000002e-25,Alzheimer's disease,GCST90027158,35379992,Bellenguez C
OARD1,rs10947943,1e-09,Alzheimer's disease,GCST90027158,35379992,Bellenguez C
UNC5CL,rs10947943,1e-09,Alzheimer's disease,GCST90027158,35379992,Bellenguez C
HLA-DQA1,rs6605556,7e-20,Alzheimer's disease,GCST90027158,35379992,Bellenguez C
HLA-DRB1,rs6605556,7e-20,Alzheimer's disease,GCST90027158,35379992,Bellenguez C
RASGEF1C,rs113706587,2e-16,Alzheimer's disease,GCST90027158,35379992,Bellenguez C
TNIP1,rs871269,9.000000000000001e-09,Alzheimer's disease,GCST90027158,35379992,Bellenguez C
LINC02059,rs62374257,1e-15,Alzheimer's disease,GCST90027158,35379992,Bellenguez C
MIR4280HG,rs62374257,1e-15,Alzheimer's disease,GCST90027158,35379992,Bellenguez C
ANKH,rs112403360,2e-09,Alzheimer's disease,GCST90027158,35379992,Bellenguez C
RHOH,rs2245466,1e-09,Alzheimer's disease,GCST90027158,35379992,Bellenguez C
LINC02498,rs6846529,2e-17,Alzheimer's disease,GCST90027158,35379992,Bellenguez C
MIR572,rs6846529,2e-17,Alzheimer's disease,GCST90027158,35379992,Bellenguez C
IDUA,rs3822030,8e-12,Alzheimer's disease,GCST90027158,35379992,Bellenguez C
SLC26A1,rs3822030,8e-12,Alzheimer's disease,GCST90027158,35379992,Bellenguez C
MME,rs61762319,2e-11,Alzheimer's disease,GCST90027158,35379992,Bellenguez C
MME,rs16824536,4e-08,Alzheimer's disease,GCST90027158,35379992,Bellenguez C
INPP5D,rs10933431,4e-18,Alzheimer's disease,GCST90027158,35379992,Bellenguez C
WDR12,rs139643391,1e-08,Alzheimer's disease,GCST90027158,35379992,Bellenguez C
BIN1,rs6733839,5.9999999999999995e-118,Alzheimer's disease,GCST90027158,35379992,Bellenguez C
NIFKP9,rs6733839,5.9999999999999995e-118,Alzheimer's disease,GCST90027158,35379992,Bellenguez C
NCK2,rs143080277,2e-13,Alzheimer's disease,GCST90027158,35379992,Bellenguez C
PRKD3,rs17020490,3.0000000000000004e-09,Alzheimer's disease,GCST90027158,35379992,Bellenguez C
ADAM17,rs72777026,3.0000000000000004e-08,Alzheimer's disease,GCST90027158,35379992,Bellenguez C
YWHAQ,rs72777026,3.0000000000000004e-08,Alzheimer's disease,GCST90027158,35379992,Bellenguez C
CR1,rs679515,7e-46,Alzheimer's disease,GCST90027158,35379992,Bellenguez C
CR1-AS1,rs679515,7e-46,Alzheimer's disease,GCST90027158,35379992,Bellenguez C
SORT1,rs141749679,8e-09,Alzheimer's disease,GCST90027158,35379992,Bellenguez C
